fecha,estrategia,cluster,n_agentes,mediana_margen_cop_kwh,media_margen_cop_kwh,puesto_del_dia
2026-01-01,Trader con sobrecobertura de contratos,4,17,-500,-350.44,4
2026-01-01,Trader no regulado,0,5,-500,-388.3,5
2026-01-01,Comercializador regulado,2,30,-65.67,-172.17,3
2026-01-01,Integrado/regional regulado,1,7,-43.4,-46.41,2
2026-01-01,Trader expuesto a bolsa (sin cobertura),3,6,-23.93,-24.1,1
2026-01-02,Trader con sobrecobertura de contratos,4,13,-199.39,-238.93,4
2026-01-02,Comercializador regulado,2,31,-64.9,-159.63,2
2026-01-02,Integrado/regional regulado,1,7,-48.55,-51.79,1
2026-01-02,Trader expuesto a bolsa (sin cobertura),3,6,-68.57,-68.29,3
2026-01-02,Trader no regulado,0,7,-500,-361.93,5
2026-01-03,Trader con sobrecobertura de contratos,4,12,-173.61,-215.09,5
2026-01-03,Comercializador regulado,2,31,-66.7,-161.25,2
2026-01-03,Integrado/regional regulado,1,7,-48.42,-48.73,1
2026-01-03,Trader no regulado,0,8,-157.97,-284.87,4
2026-01-03,Trader expuesto a bolsa (sin cobertura),3,6,-72.11,-71.89,3
2026-01-04,Trader con sobrecobertura de contratos,4,13,-217.27,-265.11,5
2026-01-04,Comercializador regulado,2,31,-62.71,-165.81,3
2026-01-04,Integrado/regional regulado,1,7,-47.1,-47.2,2
2026-01-04,Trader no regulado,0,7,-171.6,-256.26,4
2026-01-04,Trader expuesto a bolsa (sin cobertura),3,6,-35.64,-35.69,1
2026-01-05,Trader con sobrecobertura de contratos,4,9,-154.15,-232.38,5
2026-01-05,Comercializador regulado,2,30,-53.63,-154.16,2
2026-01-05,Trader no regulado,0,11,-110.66,-212.07,4
2026-01-05,Integrado/regional regulado,1,7,-49.94,-50.19,1
2026-01-05,Trader expuesto a bolsa (sin cobertura),3,7,-60.58,-59.97,3
2026-01-06,Trader con sobrecobertura de contratos,4,9,-139.21,-227.92,5
2026-01-06,Comercializador regulado,2,30,-61.67,-154.43,3
2026-01-06,Trader no regulado,0,11,-75.66,-226.61,4
2026-01-06,Integrado/regional regulado,1,7,-45.88,-47.83,1
2026-01-06,Trader expuesto a bolsa (sin cobertura),3,7,-52.2,-51.88,2
2026-01-07,Trader con sobrecobertura de contratos,4,9,-123.64,-221.63,5
2026-01-07,Comercializador regulado,2,30,-52.91,-145.68,3
2026-01-07,Trader no regulado,0,11,-107.64,-214.55,4
2026-01-07,Integrado/regional regulado,1,7,-43.47,-42.9,2
2026-01-07,Trader expuesto a bolsa (sin cobertura),3,7,-9.49,-10.51,1
2026-01-08,Trader con sobrecobertura de contratos,4,9,-118.84,-220.13,5
2026-01-08,Comercializador regulado,2,30,-39.99,-126.07,3
2026-01-08,Trader no regulado,0,11,-76.57,-196.0,4
2026-01-08,Integrado/regional regulado,1,8,-27.41,-51.09,2
2026-01-08,Trader expuesto a bolsa (sin cobertura),3,6,45.69,45.03,1
2026-01-09,Trader con sobrecobertura de contratos,4,9,-108.96,-178.0,5
2026-01-09,Comercializador regulado,2,28,-40.28,-135.36,3
2026-01-09,Trader no regulado,0,11,-85.69,-198.03,4
2026-01-09,Integrado/regional regulado,1,9,-29.61,-48.04,2
2026-01-09,Trader expuesto a bolsa (sin cobertura),3,7,42.28,39.71,1
2026-01-10,Trader con sobrecobertura de contratos,4,9,-134.34,-217.77,5
2026-01-10,Comercializador regulado,2,31,-49.99,-134.98,3
2026-01-10,Trader no regulado,0,11,-68.86,-197.38,4
2026-01-10,Integrado/regional regulado,1,7,-33.55,-32.76,2
2026-01-10,Trader expuesto a bolsa (sin cobertura),3,6,44.98,44.43,1
2026-01-11,Trader con sobrecobertura de contratos,4,11,-244.13,-255.49,5
2026-01-11,Comercializador regulado,2,31,-72.29,-157.57,3
2026-01-11,Integrado/regional regulado,1,7,-35.94,-31.24,2
2026-01-11,Trader no regulado,0,9,-105.6,-234.56,4
2026-01-11,Trader expuesto a bolsa (sin cobertura),3,6,92.06,91.09,1
2026-01-12,Trader con sobrecobertura de contratos,4,12,-138.51,-230.4,5
2026-01-12,Comercializador regulado,2,31,-51.79,-150.18,3
2026-01-12,Integrado/regional regulado,1,7,-34.73,-34.52,2
2026-01-12,Trader no regulado,0,8,-112.96,-250.98,4
2026-01-12,Trader expuesto a bolsa (sin cobertura),3,6,66.79,65.9,1
2026-01-13,Trader con sobrecobertura de contratos,4,9,-144.54,-206.93,5
2026-01-13,Comercializador regulado,2,31,-48.96,-129.18,3
2026-01-13,Trader no regulado,0,11,-71.87,-209.28,4
2026-01-13,Integrado/regional regulado,1,7,-30.82,-30.47,2
2026-01-13,Trader expuesto a bolsa (sin cobertura),3,6,76.03,75.25,1
2026-01-14,Trader con sobrecobertura de contratos,4,10,-120.42,-202.28,5
2026-01-14,Comercializador regulado,2,30,-45.26,-125.77,3
2026-01-14,Trader no regulado,0,10,-45.68,-187.24,4
2026-01-14,Integrado/regional regulado,1,8,-27.51,-44.26,2
2026-01-14,Trader expuesto a bolsa (sin cobertura),3,6,82.48,81.7,1
2026-01-15,Trader con sobrecobertura de contratos,4,9,-103.88,-184.13,5
2026-01-15,Trader no regulado,0,11,-49.27,-175.57,4
2026-01-15,Comercializador regulado,2,29,-42.9,-126.18,3
2026-01-15,Integrado/regional regulado,1,9,-23.57,-41.14,2
2026-01-15,Trader expuesto a bolsa (sin cobertura),3,6,78.58,77.64,1
2026-01-16,Trader con sobrecobertura de contratos,4,9,-121.24,-176.05,5
2026-01-16,Trader no regulado,0,11,-72.83,-187.01,4
2026-01-16,Comercializador regulado,2,29,-43.86,-128.93,3
2026-01-16,Integrado/regional regulado,1,9,-20.28,-37.07,2
2026-01-16,Trader expuesto a bolsa (sin cobertura),3,6,96.87,95.51,1
2026-01-17,Trader con sobrecobertura de contratos,4,10,-127.48,-182.36,5
2026-01-17,Trader no regulado,0,11,-88.0,-236.02,4
2026-01-17,Comercializador regulado,2,30,-65.41,-150.46,3
2026-01-17,Integrado/regional regulado,1,8,-12.45,-20.46,2
2026-01-17,Trader expuesto a bolsa (sin cobertura),3,6,104.32,103.33,1
2026-01-18,Trader con sobrecobertura de contratos,4,12,-166.7,-230.39,5
2026-01-18,Comercializador regulado,2,31,-72.81,-153.99,3
2026-01-18,Integrado/regional regulado,1,7,-29.33,-23.93,2
2026-01-18,Trader no regulado,0,8,-135.1,-259.44,4
2026-01-18,Trader expuesto a bolsa (sin cobertura),3,5,97.66,96.44,1
2026-01-19,Trader con sobrecobertura de contratos,4,11,-139.84,-215.94,5
2026-01-19,Comercializador regulado,2,29,-40.08,-122.46,3
2026-01-19,Trader no regulado,0,9,-58.5,-172.22,4
2026-01-19,Integrado/regional regulado,1,9,-18.33,-37.88,2
2026-01-19,Trader expuesto a bolsa (sin cobertura),3,5,75.97,75.05,1
2026-01-20,Trader con sobrecobertura de contratos,4,9,-109.71,-189.77,5
2026-01-20,Trader no regulado,0,11,-92.31,-214.93,4
2026-01-20,Comercializador regulado,2,29,-41.15,-123.01,3
2026-01-20,Integrado/regional regulado,1,9,-21.45,-40.49,2
2026-01-20,Trader expuesto a bolsa (sin cobertura),3,5,57.79,57.02,1
2026-01-21,Trader con sobrecobertura de contratos,4,11,-76.02,-196.48,4
2026-01-21,Comercializador regulado,2,29,-40.24,-125.21,3
2026-01-21,Integrado/regional regulado,1,9,-25.18,-41.52,2
2026-01-21,Trader no regulado,0,9,-123.89,-208.09,5
2026-01-21,Trader expuesto a bolsa (sin cobertura),3,6,54.37,53.78,1
2026-01-22,Trader con sobrecobertura de contratos,4,9,-117.68,-170.85,4
2026-01-22,Trader no regulado,0,11,-130.09,-205.08,5
2026-01-22,Comercializador regulado,2,29,-40.41,-124.27,3
2026-01-22,Integrado/regional regulado,1,9,-25.1,-42.82,2
2026-01-22,Trader expuesto a bolsa (sin cobertura),3,5,49.77,48.94,1
2026-01-23,Trader con sobrecobertura de contratos,4,9,-123.98,-174.96,5
2026-01-23,Trader no regulado,0,11,-76.49,-182.31,4
2026-01-23,Comercializador regulado,2,29,-39.48,-129.36,3
2026-01-23,Integrado/regional regulado,1,9,-27.32,-44.82,2
2026-01-23,Trader expuesto a bolsa (sin cobertura),3,6,40.15,39.39,1
2026-01-24,Trader con sobrecobertura de contratos,4,10,-111.35,-186.87,5
2026-01-24,Comercializador regulado,2,30,-56.53,-140.71,3
2026-01-24,Integrado/regional regulado,1,8,-27.9,-31.41,2
2026-01-24,Trader no regulado,0,10,-70.74,-204.85,4
2026-01-24,Trader expuesto a bolsa (sin cobertura),3,6,33.76,33.29,1
2026-01-25,Trader con sobrecobertura de contratos,4,11,-180.7,-280.12,5
2026-01-25,Comercializador regulado,2,31,-52.65,-156.25,3
2026-01-25,Integrado/regional regulado,1,7,-30.69,-34.06,2
2026-01-25,Trader no regulado,0,9,-135.22,-223.76,4
2026-01-25,Trader expuesto a bolsa (sin cobertura),3,6,22.89,22.46,1
2026-01-26,Trader con sobrecobertura de contratos,4,8,-58.37,-208.63,4
2026-01-26,Trader no regulado,0,12,-94.48,-191.31,5
2026-01-26,Comercializador regulado,2,29,-45.13,-135.61,3
2026-01-26,Integrado/regional regulado,1,9,-35.69,-51.38,2
2026-01-26,Trader expuesto a bolsa (sin cobertura),3,5,9.01,8.67,1
2026-01-27,Trader con sobrecobertura de contratos,4,7,-52.3,-185.79,4
2026-01-27,Trader no regulado,0,12,-85.84,-183.29,5
2026-01-27,Comercializador regulado,2,30,-47.89,-135.73,3
2026-01-27,Integrado/regional regulado,1,9,-36.08,-53.28,2
2026-01-27,Trader expuesto a bolsa (sin cobertura),3,5,0.4,0.13,1
2026-01-28,Trader con sobrecobertura de contratos,4,8,-53.39,-194.88,4
2026-01-28,Trader no regulado,0,12,-80.27,-197.41,5
2026-01-28,Comercializador regulado,2,29,-45.64,-134.64,3
2026-01-28,Integrado/regional regulado,1,9,-37.43,-53.35,2
2026-01-28,Trader expuesto a bolsa (sin cobertura),3,6,3.18,2.95,1
2026-01-29,Trader con sobrecobertura de contratos,4,9,-84.01,-185.45,4
2026-01-29,Trader no regulado,0,11,-99.03,-204.85,5
2026-01-29,Comercializador regulado,2,29,-53.1,-142.82,3
2026-01-29,Integrado/regional regulado,1,9,-34.42,-49.5,2
2026-01-29,Trader expuesto a bolsa (sin cobertura),3,6,10.77,10.41,1
2026-01-30,Trader con sobrecobertura de contratos,4,8,-70.11,-200.0,5
2026-01-30,Trader no regulado,0,12,-58.38,-181.7,3
2026-01-30,Comercializador regulado,2,29,-60.31,-141.65,4
2026-01-30,Integrado/regional regulado,1,9,-27.45,-46.2,2
2026-01-30,Trader expuesto a bolsa (sin cobertura),3,5,35.75,34.9,1
2026-01-31,Trader con sobrecobertura de contratos,4,9,-91.71,-194.05,5
2026-01-31,Trader no regulado,0,11,-64.11,-191.23,4
2026-01-31,Comercializador regulado,2,30,-58.52,-150.67,3
2026-01-31,Integrado/regional regulado,1,8,-28.55,-32.61,2
2026-01-31,Trader expuesto a bolsa (sin cobertura),3,5,34.76,34.18,1
2026-02-01,Trader con sobrecobertura de contratos,4,10,-186.96,-253.94,5
2026-02-01,Trader no regulado,0,10,-136.36,-223.25,4
2026-02-01,Comercializador regulado,2,31,-96.03,-167.41,3
2026-02-01,Integrado/regional regulado,1,7,-32.06,-44.01,2
2026-02-01,Trader expuesto a bolsa (sin cobertura),3,5,60.9,60.02,1
2026-02-02,Trader con sobrecobertura de contratos,4,9,-154.68,-212.92,5
2026-02-02,Trader no regulado,0,11,-92.75,-201.51,4
2026-02-02,Comercializador regulado,2,29,-57.01,-145.46,3
2026-02-02,Integrado/regional regulado,1,9,-33.31,-56.97,2
2026-02-02,Trader expuesto a bolsa (sin cobertura),3,5,81.47,80.49,1
2026-02-03,Trader con sobrecobertura de contratos,4,8,-62.75,-216.82,4
2026-02-03,Trader no regulado,0,13,-91.88,-212.91,5
2026-02-03,Comercializador regulado,2,29,-50.5,-134.3,3
2026-02-03,Integrado/regional regulado,1,9,-24.04,-49.72,2
2026-02-03,Trader expuesto a bolsa (sin cobertura),3,5,84.97,83.95,1
2026-02-04,Trader con sobrecobertura de contratos,4,8,-61.18,-211.16,5
2026-02-04,Trader no regulado,0,12,-58.08,-198.09,4
2026-02-04,Comercializador regulado,2,29,-47.54,-138.46,3
2026-02-04,Integrado/regional regulado,1,9,-19.6,-44.19,2
2026-02-04,Trader expuesto a bolsa (sin cobertura),3,5,78.43,77.52,1
2026-02-05,Trader con sobrecobertura de contratos,4,8,-57.19,-201.15,5
2026-02-05,Trader no regulado,0,12,-43.47,-184.6,3
2026-02-05,Comercializador regulado,2,30,-46.92,-166.66,4
2026-02-05,Integrado/regional regulado,1,9,-12.56,-34.13,2
2026-02-05,Trader expuesto a bolsa (sin cobertura),3,5,87.18,85.99,1
2026-02-06,Trader con sobrecobertura de contratos,4,8,-55.81,-199.05,5
2026-02-06,Trader no regulado,0,11,-42.39,-157.83,3
2026-02-06,Comercializador regulado,2,30,-47.37,-163.65,4
2026-02-06,Integrado/regional regulado,1,9,-14.26,-38.99,2
2026-02-06,Trader expuesto a bolsa (sin cobertura),3,5,88.77,87.26,1
2026-02-07,Trader con sobrecobertura de contratos,4,9,-74.56,-199.9,4
2026-02-07,Trader no regulado,0,10,-66.81,-174.71,3
2026-02-07,Comercializador regulado,2,31,-75.59,-173.89,5
2026-02-07,Integrado/regional regulado,1,8,-13.64,-25.07,2
2026-02-07,Trader expuesto a bolsa (sin cobertura),3,5,99.49,98.36,1
2026-02-08,Trader con sobrecobertura de contratos,4,10,-157.56,-246.93,5
2026-02-08,Trader no regulado,0,9,-70.3,-206.38,3
2026-02-08,Comercializador regulado,2,32,-88.1,-190.48,4
2026-02-08,Integrado/regional regulado,1,7,-19.83,-31.11,2
2026-02-08,Trader expuesto a bolsa (sin cobertura),3,5,102.88,101.62,1
2026-02-09,Trader con sobrecobertura de contratos,4,10,-69.53,-201.71,4
2026-02-09,Trader no regulado,0,10,-74.04,-221.59,5
2026-02-09,Comercializador regulado,2,30,-38.77,-166.58,3
2026-02-09,Integrado/regional regulado,1,9,-7.67,-33.12,2
2026-02-09,Trader expuesto a bolsa (sin cobertura),3,5,99.53,98.44,1
2026-02-10,Trader con sobrecobertura de contratos,4,8,-55.8,-179.06,4
2026-02-10,Trader no regulado,0,11,-130.76,-192.07,5
2026-02-10,Comercializador regulado,2,30,-27.79,-157.58,3
2026-02-10,Integrado/regional regulado,1,9,-7.81,-29.8,2
2026-02-10,Trader expuesto a bolsa (sin cobertura),3,5,97.81,96.71,1
2026-02-11,Trader con sobrecobertura de contratos,4,9,-45.87,-173.92,4
2026-02-11,Trader no regulado,0,11,-121.46,-230.11,5
2026-02-11,Comercializador regulado,2,30,-42.73,-163.26,3
2026-02-11,Integrado/regional regulado,1,9,-9.03,-31.32,2
2026-02-11,Trader expuesto a bolsa (sin cobertura),3,5,87.67,86.72,1
2026-02-12,Trader con sobrecobertura de contratos,4,9,-64.65,-179.03,4
2026-02-12,Trader no regulado,0,11,-135.55,-228.83,5
2026-02-12,Comercializador regulado,2,30,-35.65,-160.08,3
2026-02-12,Integrado/regional regulado,1,9,-8.11,-30.1,2
2026-02-12,Trader expuesto a bolsa (sin cobertura),3,5,89.74,88.53,1
2026-02-13,Trader con sobrecobertura de contratos,4,8,-48.78,-185.95,3
2026-02-13,Trader no regulado,0,11,-91.92,-178.77,5
2026-02-13,Comercializador regulado,2,30,-49.8,-160.51,4
2026-02-13,Integrado/regional regulado,1,9,-11.44,-32.04,2
2026-02-13,Trader expuesto a bolsa (sin cobertura),3,5,96.36,94.75,1
2026-02-14,Trader con sobrecobertura de contratos,4,9,-104.85,-201.94,5
2026-02-14,Trader no regulado,0,10,-104.26,-189.37,4
2026-02-14,Comercializador regulado,2,31,-89.21,-175.37,3
2026-02-14,Integrado/regional regulado,1,8,-8.71,-16.26,2
2026-02-14,Trader expuesto a bolsa (sin cobertura),3,5,93.77,92.7,1
2026-02-15,Trader con sobrecobertura de contratos,4,11,-158.87,-255.41,5
2026-02-15,Comercializador regulado,2,32,-83.14,-200.9,4
2026-02-15,Integrado/regional regulado,1,7,-11.8,-20.0,2
2026-02-15,Trader no regulado,0,8,-64.19,-218.15,3
2026-02-15,Trader expuesto a bolsa (sin cobertura),3,5,94.91,93.76,1
2026-02-16,Trader con sobrecobertura de contratos,4,8,-54.09,-201.46,3
2026-02-16,Trader no regulado,0,11,-82.67,-188.67,5
2026-02-16,Comercializador regulado,2,30,-63.93,-173.58,4
2026-02-16,Integrado/regional regulado,1,9,-8.41,-34.11,2
2026-02-16,Trader expuesto a bolsa (sin cobertura),3,5,101.44,100.34,1
2026-02-17,Trader con sobrecobertura de contratos,4,8,-51.46,-192.41,3
2026-02-17,Trader no regulado,0,12,-68.35,-200.51,5
2026-02-17,Comercializador regulado,2,30,-55.39,-165.23,4
2026-02-17,Integrado/regional regulado,1,9,-11.43,-34.16,2
2026-02-17,Trader expuesto a bolsa (sin cobertura),3,5,101.22,100.1,1
2026-02-18,Trader con sobrecobertura de contratos,4,8,-52.31,-187.55,4
2026-02-18,Trader no regulado,0,11,-81.0,-173.48,5
2026-02-18,Comercializador regulado,2,30,-51.71,-166.4,3
2026-02-18,Integrado/regional regulado,1,9,-12.36,-36.24,2
2026-02-18,Trader expuesto a bolsa (sin cobertura),3,5,89.13,88.15,1
2026-02-19,Trader con sobrecobertura de contratos,4,7,-56.69,-153.98,3
2026-02-19,Trader no regulado,0,13,-116.34,-222.47,5
2026-02-19,Comercializador regulado,2,30,-61.24,-167.52,4
2026-02-19,Integrado/regional regulado,1,9,-12.1,-32.98,2
2026-02-19,Trader expuesto a bolsa (sin cobertura),3,5,88.25,87.05,1
2026-02-20,Trader con sobrecobertura de contratos,4,9,-47.81,-176.17,4
2026-02-20,Trader no regulado,0,11,-127.61,-236.74,5
2026-02-20,Comercializador regulado,2,30,-43.65,-162.58,3
2026-02-20,Integrado/regional regulado,1,9,-8.93,-30.85,2
2026-02-20,Trader expuesto a bolsa (sin cobertura),3,5,93.43,91.9,1
2026-02-21,Trader con sobrecobertura de contratos,4,10,-98.3,-221.29,4
2026-02-21,Trader no regulado,0,10,-112.19,-211.04,5
2026-02-21,Comercializador regulado,2,31,-82.34,-172.38,3
2026-02-21,Integrado/regional regulado,1,8,-5.96,-14.46,2
2026-02-21,Trader expuesto a bolsa (sin cobertura),3,5,100.74,99.62,1
2026-02-22,Trader con sobrecobertura de contratos,4,10,-114.92,-233.28,4
2026-02-22,Comercializador regulado,2,32,-104.11,-191.03,3
2026-02-22,Integrado/regional regulado,1,7,-8.13,-18.46,2
2026-02-22,Trader no regulado,0,9,-145.74,-250.5,5
2026-02-22,Trader expuesto a bolsa (sin cobertura),3,5,100.41,99.2,1
2026-02-23,Trader con sobrecobertura de contratos,4,8,-43.38,-192.36,4
2026-02-23,Comercializador regulado,2,30,-41.17,-162.71,3
2026-02-23,Trader no regulado,0,11,-124.39,-202.15,5
2026-02-23,Integrado/regional regulado,1,9,-8.66,-32.53,2
2026-02-23,Trader expuesto a bolsa (sin cobertura),3,5,101.43,100.33,1
2026-02-24,Trader con sobrecobertura de contratos,4,9,-43.77,-182.17,4
2026-02-24,Trader no regulado,0,11,-160.48,-239.99,5
2026-02-24,Comercializador regulado,2,30,-40.65,-157.79,3
2026-02-24,Integrado/regional regulado,1,9,-11.08,-36.27,2
2026-02-24,Trader expuesto a bolsa (sin cobertura),3,5,94.25,93.19,1
2026-02-25,Trader con sobrecobertura de contratos,4,8,-40.06,-143.76,3
2026-02-25,Trader no regulado,0,11,-123.6,-234.21,5
2026-02-25,Comercializador regulado,2,30,-47.45,-160.34,4
2026-02-25,Integrado/regional regulado,1,9,-12.91,-35.84,2
2026-02-25,Trader expuesto a bolsa (sin cobertura),3,5,93.31,92.31,1
2026-02-26,Trader con sobrecobertura de contratos,4,8,-45.12,-192.84,3
2026-02-26,Comercializador regulado,2,30,-59.0,-167.6,4
2026-02-26,Trader no regulado,0,11,-94.88,-198.12,5
2026-02-26,Integrado/regional regulado,1,9,-9.81,-31.21,2
2026-02-26,Trader expuesto a bolsa (sin cobertura),3,5,93.59,92.34,1
2026-02-27,Trader con sobrecobertura de contratos,4,9,-67.55,-180.9,4
2026-02-27,Comercializador regulado,2,30,-42.31,-161.66,3
2026-02-27,Integrado/regional regulado,1,9,-9.19,-29.94,2
2026-02-27,Trader no regulado,0,10,-92.47,-214.69,5
2026-02-27,Trader expuesto a bolsa (sin cobertura),3,5,98.45,96.83,1
2026-02-28,Trader con sobrecobertura de contratos,4,9,-124.29,-206.21,4
2026-02-28,Trader no regulado,0,11,-156.1,-259.68,5
2026-02-28,Comercializador regulado,2,31,-54.63,-167.62,3
2026-02-28,Integrado/regional regulado,1,8,-7.78,-12.59,2
2026-02-28,Trader expuesto a bolsa (sin cobertura),3,5,96.29,95.19,1
2026-03-01,Trader con sobrecobertura de contratos,4,12,-141.04,-233.59,4
2026-03-01,Comercializador regulado,2,31,-103.46,-191.18,3
2026-03-01,Integrado/regional regulado,1,8,-0.84,-11.37,2
2026-03-01,Trader no regulado,0,7,-275.89,-279.53,5
2026-03-01,Trader expuesto a bolsa (sin cobertura),3,5,106.31,104.99,1
2026-03-02,Trader con sobrecobertura de contratos,4,10,-77.36,-192.06,4
2026-03-02,Comercializador regulado,2,30,-54.65,-161.2,3
2026-03-02,Integrado/regional regulado,1,9,-0.07,-23.34,2
2026-03-02,Trader no regulado,0,9,-122.29,-222.07,5
2026-03-02,Trader expuesto a bolsa (sin cobertura),3,5,105.99,104.82,1
2026-03-03,Trader con sobrecobertura de contratos,4,10,-69.64,-174.92,4
2026-03-03,Trader no regulado,0,10,-105.97,-247.18,5
2026-03-03,Comercializador regulado,2,30,-35.52,-133.95,3
2026-03-03,Integrado/regional regulado,1,9,-7.39,-28.91,2
2026-03-03,Trader expuesto a bolsa (sin cobertura),3,5,96.92,95.77,1
2026-03-04,Trader con sobrecobertura de contratos,4,9,-54.2,-180.73,4
2026-03-04,Trader no regulado,0,11,-176.36,-244.23,5
2026-03-04,Comercializador regulado,2,30,-31.84,-155.54,3
2026-03-04,Integrado/regional regulado,1,9,-6.05,-27.45,2
2026-03-04,Trader expuesto a bolsa (sin cobertura),3,5,98.43,97.34,1
2026-03-05,Trader con sobrecobertura de contratos,4,10,-56.65,-178.73,4
2026-03-05,Trader no regulado,0,10,-93.16,-245.69,5
2026-03-05,Comercializador regulado,2,30,-38.82,-158.84,3
2026-03-05,Integrado/regional regulado,1,9,-11.06,-25.64,2
2026-03-05,Trader expuesto a bolsa (sin cobertura),3,5,98.24,96.88,1
2026-03-06,Trader con sobrecobertura de contratos,4,10,-49.21,-161.91,4
2026-03-06,Trader no regulado,0,11,-263.3,-261.7,5
2026-03-06,Comercializador regulado,2,30,-26.05,-151.42,3
2026-03-06,Integrado/regional regulado,1,9,-5.83,-22.93,2
2026-03-06,Trader expuesto a bolsa (sin cobertura),3,5,101.38,99.7,1
2026-03-07,Trader con sobrecobertura de contratos,4,10,-112.89,-183.98,5
2026-03-07,Comercializador regulado,2,31,-89.94,-165.52,3
2026-03-07,Integrado/regional regulado,1,8,-3.39,-9.38,2
2026-03-07,Trader no regulado,0,9,-97.68,-217.31,4
2026-03-07,Trader expuesto a bolsa (sin cobertura),3,5,99.45,98.32,1
2026-03-08,Trader con sobrecobertura de contratos,4,11,-237.42,-253.79,4
2026-03-08,Trader no regulado,0,10,-296.62,-289.02,5
2026-03-08,Comercializador regulado,2,32,-64.22,-189.99,3
2026-03-08,Integrado/regional regulado,1,7,-17.92,-16.57,2
2026-03-08,Trader expuesto a bolsa (sin cobertura),3,5,104.65,103.34,1
2026-03-09,Trader con sobrecobertura de contratos,4,10,-89.46,-193.17,5
2026-03-09,Comercializador regulado,2,30,-43.46,-163.0,3
2026-03-09,Integrado/regional regulado,1,9,-12.93,-27.29,2
2026-03-09,Trader no regulado,0,9,-75.75,-215.17,4
2026-03-09,Trader expuesto a bolsa (sin cobertura),3,6,103.63,102.66,1
2026-03-10,Trader con sobrecobertura de contratos,4,9,-119.95,-187.35,5
2026-03-10,Comercializador regulado,2,30,-44.49,-165.35,3
2026-03-10,Trader no regulado,0,10,-53.37,-204.87,4
2026-03-10,Integrado/regional regulado,1,9,-21.28,-38.77,2
2026-03-10,Trader expuesto a bolsa (sin cobertura),3,6,50.32,49.72,1
2026-03-11,Trader con sobrecobertura de contratos,4,8,-55.7,-163.87,4
2026-03-11,Comercializador regulado,2,30,-54.38,-174.47,3
2026-03-11,Trader no regulado,0,12,-107.7,-262.82,5
2026-03-11,Integrado/regional regulado,1,9,-32.46,-48.73,2
2026-03-11,Trader expuesto a bolsa (sin cobertura),3,5,18.97,18.54,1
2026-03-12,Trader con sobrecobertura de contratos,4,7,-58.41,-118.49,4
2026-03-12,Trader no regulado,0,12,-115.44,-261.87,5
2026-03-12,Comercializador regulado,2,30,-46.75,-140.37,3
2026-03-12,Integrado/regional regulado,1,9,-31.88,-48.94,2
2026-03-12,Trader expuesto a bolsa (sin cobertura),3,6,31.06,30.49,1
2026-03-13,Trader con sobrecobertura de contratos,4,9,-73.33,-155.32,4
2026-03-13,Trader no regulado,0,11,-300.01,-280.06,5
2026-03-13,Comercializador regulado,2,30,-46.51,-138.98,3
2026-03-13,Integrado/regional regulado,1,9,-28.09,-46.24,2
2026-03-13,Trader expuesto a bolsa (sin cobertura),3,6,45.37,44.51,1
2026-03-14,Trader con sobrecobertura de contratos,4,8,-98.33,-176.32,4
2026-03-14,Trader no regulado,0,12,-157.13,-272.83,5
2026-03-14,Comercializador regulado,2,31,-48.45,-146.25,3
2026-03-14,Integrado/regional regulado,1,8,-29.46,-31.06,2
2026-03-14,Trader expuesto a bolsa (sin cobertura),3,6,37.4,36.87,1
2026-03-15,Trader con sobrecobertura de contratos,4,10,-144.17,-225.29,4
2026-03-15,Trader no regulado,0,10,-316.54,-318.14,5
2026-03-15,Comercializador regulado,2,32,-46.24,-163.71,3
2026-03-15,Integrado/regional regulado,1,7,-34.09,-34.66,2
2026-03-15,Trader expuesto a bolsa (sin cobertura),3,6,27.11,26.62,1
2026-03-16,Trader con sobrecobertura de contratos,4,7,-72.67,-165.05,4
2026-03-16,Trader no regulado,0,13,-178.04,-271.68,5
2026-03-16,Comercializador regulado,2,30,-51.43,-155.74,3
2026-03-16,Integrado/regional regulado,1,9,-47.85,-65.99,1
2026-03-16,Trader expuesto a bolsa (sin cobertura),3,6,-48.14,-48.14,2
2026-03-17,Trader con sobrecobertura de contratos,4,6,-59.07,-87.44,3
2026-03-17,Trader no regulado,0,14,-158.63,-280.31,5
2026-03-17,Comercializador regulado,2,30,-57.53,-156.33,2
2026-03-17,Integrado/regional regulado,1,9,-52.3,-68.51,1
2026-03-17,Trader expuesto a bolsa (sin cobertura),3,6,-67.33,-67.19,4
2026-03-18,Trader con sobrecobertura de contratos,4,7,-59.75,-135.22,3
2026-03-18,Trader no regulado,0,13,-158.16,-254.57,5
2026-03-18,Comercializador regulado,2,30,-56.41,-159.72,2
2026-03-18,Integrado/regional regulado,1,9,-52.69,-68.88,1
2026-03-18,Trader expuesto a bolsa (sin cobertura),3,6,-66.11,-65.99,4
2026-03-19,Trader con sobrecobertura de contratos,4,7,-65.82,-93.47,2
2026-03-19,Trader no regulado,0,13,-365.27,-293.01,5
2026-03-19,Comercializador regulado,2,30,-69.51,-162.57,3
2026-03-19,Integrado/regional regulado,1,9,-56.59,-73.6,1
2026-03-19,Trader expuesto a bolsa (sin cobertura),3,6,-91.8,-91.42,4
2026-03-20,Trader con sobrecobertura de contratos,4,8,-72.05,-154.15,3
2026-03-20,Trader no regulado,0,12,-138.79,-270.29,5
2026-03-20,Comercializador regulado,2,30,-64.85,-160.94,2
2026-03-20,Integrado/regional regulado,1,9,-55.16,-72.13,1
2026-03-20,Trader expuesto a bolsa (sin cobertura),3,6,-84.77,-84.38,4
2026-03-21,Trader con sobrecobertura de contratos,4,10,-119.93,-195.21,4
2026-03-21,Trader no regulado,0,11,-335.8,-289.4,5
2026-03-21,Comercializador regulado,2,31,-60.26,-168.08,3
2026-03-21,Integrado/regional regulado,1,8,-50.23,-51.2,1
2026-03-21,Trader expuesto a bolsa (sin cobertura),3,5,-59.61,-59.51,2
2026-03-22,Trader con sobrecobertura de contratos,4,11,-165.76,-236.97,4
2026-03-22,Trader no regulado,0,9,-363.04,-302.81,5
2026-03-22,Comercializador regulado,2,32,-51.63,-179.0,3
2026-03-22,Integrado/regional regulado,1,7,-47.54,-51.13,2
2026-03-22,Trader expuesto a bolsa (sin cobertura),3,6,-41.79,-41.84,1
2026-03-23,Trader con sobrecobertura de contratos,4,11,-132.24,-250.82,4
2026-03-23,Trader no regulado,0,9,-208.44,-264.67,5
2026-03-23,Comercializador regulado,2,32,-52.1,-171.0,2
2026-03-23,Integrado/regional regulado,1,7,-50.41,-51.61,1
2026-03-23,Trader expuesto a bolsa (sin cobertura),3,6,-53.94,-53.9,3
2026-03-24,Trader con sobrecobertura de contratos,4,9,-133.84,-187.25,4
2026-03-24,Trader no regulado,0,11,-186.57,-261.15,5
2026-03-24,Comercializador regulado,2,30,-48.3,-154.11,3
2026-03-24,Integrado/regional regulado,1,9,-46.54,-64.25,2
2026-03-24,Trader expuesto a bolsa (sin cobertura),3,6,-36.43,-36.52,1
2026-03-25,Trader con sobrecobertura de contratos,4,9,-108.39,-183.89,4
2026-03-25,Trader no regulado,0,11,-117.21,-253.55,5
2026-03-25,Comercializador regulado,2,30,-51.81,-154.4,2
2026-03-25,Integrado/regional regulado,1,9,-49.29,-65.67,1
2026-03-25,Trader expuesto a bolsa (sin cobertura),3,6,-52.98,-52.95,3
2026-03-26,Trader con sobrecobertura de contratos,4,8,-65.74,-192.01,4
2026-03-26,Trader no regulado,0,11,-121.25,-251.04,5
2026-03-26,Comercializador regulado,2,31,-49.24,-152.07,2
2026-03-26,Integrado/regional regulado,1,9,-48.41,-64.89,1
2026-03-26,Trader expuesto a bolsa (sin cobertura),3,6,-49.47,-49.46,3
2026-03-27,Trader con sobrecobertura de contratos,4,10,-125.98,-227.41,5
2026-03-27,Trader no regulado,0,10,-72.56,-258.16,4
2026-03-27,Comercializador regulado,2,30,-49.94,-150.07,3
2026-03-27,Integrado/regional regulado,1,9,-43.08,-59.47,2
2026-03-27,Trader expuesto a bolsa (sin cobertura),3,6,-16.84,-17.17,1
2026-03-28,Trader con sobrecobertura de contratos,4,10,-105.07,-175.75,4
2026-03-28,Trader no regulado,0,10,-200.99,-268.52,5
2026-03-28,Comercializador regulado,2,30,-48.43,-146.93,3
2026-03-28,Integrado/regional regulado,1,9,-30.24,-47.55,2
2026-03-28,Trader expuesto a bolsa (sin cobertura),3,6,38.54,38.01,1
2026-03-29,Trader con sobrecobertura de contratos,4,12,-130.39,-190.31,4
2026-03-29,Trader no regulado,0,8,-295.33,-310.43,5
2026-03-29,Comercializador regulado,2,31,-48.51,-161.91,3
2026-03-29,Integrado/regional regulado,1,8,-16.83,-22.49,2
2026-03-29,Trader expuesto a bolsa (sin cobertura),3,6,73.08,72.23,1
2026-03-30,Trader con sobrecobertura de contratos,4,9,-138.71,-192.5,5
2026-03-30,Trader no regulado,0,11,-119.32,-236.9,4
2026-03-30,Comercializador regulado,2,30,-49.94,-148.66,3
2026-03-30,Integrado/regional regulado,1,9,-31.85,-48.32,2
2026-03-30,Trader expuesto a bolsa (sin cobertura),3,6,41.13,40.58,1
2026-03-31,Trader con sobrecobertura de contratos,4,9,-135.57,-193.39,5
2026-03-31,Trader no regulado,0,11,-91.06,-239.21,4
2026-03-31,Comercializador regulado,2,30,-53.53,-147.14,3
2026-03-31,Integrado/regional regulado,1,9,-30.66,-47.75,2
2026-03-31,Trader expuesto a bolsa (sin cobertura),3,6,35.37,34.86,1
2026-04-01,Trader con sobrecobertura de contratos,4,10,-140.57,-225.59,5
2026-04-01,Trader no regulado,0,10,-92.61,-226.89,4
2026-04-01,Comercializador regulado,2,30,-50.67,-147.22,3
2026-04-01,Integrado/regional regulado,1,9,-32.81,-52.68,2
2026-04-01,Trader expuesto a bolsa (sin cobertura),3,6,62.99,62.29,1
2026-04-02,Trader con sobrecobertura de contratos,4,12,-183.8,-258.11,4
2026-04-02,Trader no regulado,0,8,-376.04,-310.62,5
2026-04-02,Comercializador regulado,2,32,-60.22,-176.07,3
2026-04-02,Integrado/regional regulado,1,7,-27.32,-32.82,2
2026-04-02,Trader expuesto a bolsa (sin cobertura),3,6,74.59,73.56,1
2026-04-03,Trader con sobrecobertura de contratos,4,13,-271.29,-305.2,4
2026-04-03,Trader no regulado,0,7,-383.56,-311.01,5
2026-04-03,Comercializador regulado,2,32,-83.48,-187.89,3
2026-04-03,Integrado/regional regulado,1,7,-31.18,-34.94,2
2026-04-03,Trader expuesto a bolsa (sin cobertura),3,6,80.71,79.62,1
2026-04-04,Trader con sobrecobertura de contratos,4,11,-229.83,-268.02,4
2026-04-04,Trader no regulado,0,9,-243.81,-284.05,5
2026-04-04,Comercializador regulado,2,31,-70.27,-174.0,3
2026-04-04,Integrado/regional regulado,1,8,-31.92,-31.8,2
2026-04-04,Trader expuesto a bolsa (sin cobertura),3,5,77.09,76.08,1
2026-04-05,Trader con sobrecobertura de contratos,4,11,-207.95,-278.16,4
2026-04-05,Trader no regulado,0,9,-284.59,-269.87,5
2026-04-05,Comercializador regulado,2,31,-73.6,-173.75,3
2026-04-05,Integrado/regional regulado,1,8,-22.81,-26.48,2
2026-04-05,Trader expuesto a bolsa (sin cobertura),3,5,88.3,87.1,1
2026-04-06,Trader con sobrecobertura de contratos,4,10,-163.35,-236.73,5
2026-04-06,Trader no regulado,0,10,-70.5,-230.39,4
2026-04-06,Comercializador regulado,2,30,-50.88,-151.77,3
2026-04-06,Integrado/regional regulado,1,9,-36.36,-55.66,2
2026-04-06,Trader expuesto a bolsa (sin cobertura),3,5,27.35,26.79,1
2026-04-07,Trader con sobrecobertura de contratos,4,9,-138.88,-202.36,4
2026-04-07,Trader no regulado,0,11,-186.05,-255.45,5
2026-04-07,Comercializador regulado,2,30,-65.55,-155.49,3
2026-04-07,Integrado/regional regulado,1,9,-42.47,-59.88,2
2026-04-07,Trader expuesto a bolsa (sin cobertura),3,5,-1.95,-2.26,1
2026-04-08,Trader con sobrecobertura de contratos,4,9,-107.86,-182.18,4
2026-04-08,Trader no regulado,0,11,-202.0,-257.92,5
2026-04-08,Comercializador regulado,2,30,-67.58,-155.63,3
2026-04-08,Integrado/regional regulado,1,9,-45.96,-63.03,2
2026-04-08,Trader expuesto a bolsa (sin cobertura),3,5,-15.18,-15.49,1
2026-04-09,Trader con sobrecobertura de contratos,4,9,-84.89,-184.58,4
2026-04-09,Trader no regulado,0,11,-222.75,-258.41,5
2026-04-09,Comercializador regulado,2,30,-64.01,-156.86,3
2026-04-09,Integrado/regional regulado,1,9,-48.02,-64.8,2
2026-04-09,Trader expuesto a bolsa (sin cobertura),3,6,-28.89,-29.09,1
2026-04-10,Trader con sobrecobertura de contratos,4,8,-64.49,-197.02,3
2026-04-10,Trader no regulado,0,11,-241.25,-264.05,5
2026-04-10,Comercializador regulado,2,31,-81.99,-156.6,4
2026-04-10,Integrado/regional regulado,1,9,-51.54,-68.52,2
2026-04-10,Trader expuesto a bolsa (sin cobertura),3,6,-47.7,-47.75,1
2026-04-11,Trader con sobrecobertura de contratos,4,9,-120.91,-220.86,5
2026-04-11,Trader no regulado,0,10,-88.77,-231.47,4
2026-04-11,Comercializador regulado,2,31,-63.56,-157.0,3
2026-04-11,Integrado/regional regulado,1,9,-47.26,-65.78,2
2026-04-11,Trader expuesto a bolsa (sin cobertura),3,6,-23.13,-23.34,1
2026-04-12,Trader con sobrecobertura de contratos,4,11,-210.86,-238.11,4
2026-04-12,Trader no regulado,0,9,-306.02,-297.67,5
2026-04-12,Comercializador regulado,2,31,-70.14,-178.76,3
2026-04-12,Integrado/regional regulado,1,8,-46.65,-47.38,2
2026-04-12,Trader expuesto a bolsa (sin cobertura),3,6,-18.15,-18.43,1
2026-04-13,Trader con sobrecobertura de contratos,4,9,-122.38,-191.28,3
2026-04-13,Trader no regulado,0,11,-255.72,-274.4,5
2026-04-13,Comercializador regulado,2,30,-90.11,-173.2,2
2026-04-13,Integrado/regional regulado,1,9,-66.13,-82.52,1
2026-04-13,Trader expuesto a bolsa (sin cobertura),3,6,-124.87,-124.35,4
2026-04-14,Trader con sobrecobertura de contratos,4,9,-178.78,-208.23,4
2026-04-14,Trader no regulado,0,11,-266.03,-269.24,5
2026-04-14,Comercializador regulado,2,30,-98.53,-176.59,2
2026-04-14,Integrado/regional regulado,1,9,-69.84,-86.05,1
2026-04-14,Trader expuesto a bolsa (sin cobertura),3,6,-156.77,-156.0,3
2026-04-15,Trader con sobrecobertura de contratos,4,9,-140.02,-195.88,4
2026-04-15,Trader no regulado,0,11,-254.24,-263.33,5
2026-04-15,Comercializador regulado,2,30,-82.87,-169.18,2
2026-04-15,Integrado/regional regulado,1,9,-64.98,-81.62,1
2026-04-15,Trader expuesto a bolsa (sin cobertura),3,5,-127.0,-126.38,3
2026-04-16,Trader con sobrecobertura de contratos,4,8,-63.9,-194.49,1
2026-04-16,Trader no regulado,0,12,-135.31,-260.78,4
2026-04-16,Comercializador regulado,2,30,-92.92,-177.26,3
2026-04-16,Integrado/regional regulado,1,9,-66.38,-83.28,2
2026-04-16,Trader expuesto a bolsa (sin cobertura),3,5,-153.66,-152.6,5
2026-04-17,Trader con sobrecobertura de contratos,4,10,-130.74,-236.42,4
2026-04-17,Trader no regulado,0,10,-95.56,-253.37,3
2026-04-17,Comercializador regulado,2,30,-91.0,-173.39,2
2026-04-17,Integrado/regional regulado,1,9,-65.08,-80.8,1
2026-04-17,Trader expuesto a bolsa (sin cobertura),3,5,-133.0,-131.96,5
2026-04-18,Trader con sobrecobertura de contratos,4,10,-123.69,-236.78,5
2026-04-18,Trader no regulado,0,10,-80.49,-247.58,4
2026-04-18,Comercializador regulado,2,32,-68.73,-170.74,3
2026-04-18,Integrado/regional regulado,1,7,-54.19,-54.07,1
2026-04-18,Trader expuesto a bolsa (sin cobertura),3,5,-61.15,-61.07,2
2026-04-19,Trader con sobrecobertura de contratos,4,12,-135.73,-263.51,4
2026-04-19,Trader no regulado,0,8,-330.19,-301.23,5
2026-04-19,Comercializador regulado,2,32,-51.38,-172.07,3
2026-04-19,Integrado/regional regulado,1,7,-37.22,-41.84,2
2026-04-19,Trader expuesto a bolsa (sin cobertura),3,5,29.93,29.29,1
2026-04-20,Trader con sobrecobertura de contratos,4,9,-136.41,-205.11,4
2026-04-20,Trader no regulado,0,11,-243.92,-271.15,5
2026-04-20,Comercializador regulado,2,30,-52.3,-157.91,3
2026-04-20,Integrado/regional regulado,1,9,-47.21,-65.94,2
2026-04-20,Trader expuesto a bolsa (sin cobertura),3,5,-15.95,-16.26,1
2026-04-21,Trader con sobrecobertura de contratos,4,10,-135.95,-231.75,5
2026-04-21,Trader no regulado,0,10,-99.75,-241.58,4
2026-04-21,Comercializador regulado,2,30,-56.39,-157.14,3
2026-04-21,Integrado/regional regulado,1,9,-49.42,-65.96,2
2026-04-21,Trader expuesto a bolsa (sin cobertura),3,6,-35.91,-36.02,1
2026-04-22,Trader con sobrecobertura de contratos,4,10,-116.35,-222.03,5
2026-04-22,Trader no regulado,0,10,-102.26,-242.03,4
2026-04-22,Comercializador regulado,2,30,-63.38,-162.55,3
2026-04-22,Integrado/regional regulado,1,9,-46.53,-62.72,2
2026-04-22,Trader expuesto a bolsa (sin cobertura),3,6,-15.63,-15.88,1
2026-04-23,Trader con sobrecobertura de contratos,4,10,-106.14,-223.92,5
2026-04-23,Trader no regulado,0,10,-72.49,-236.25,4
2026-04-23,Comercializador regulado,2,30,-63.92,-155.1,3
2026-04-23,Integrado/regional regulado,1,9,-45.86,-62.4,2
2026-04-23,Trader expuesto a bolsa (sin cobertura),3,6,-10.0,-10.36,1
2026-04-24,Trader con sobrecobertura de contratos,4,10,-124.2,-223.73,5
2026-04-24,Trader no regulado,0,10,-79.99,-243.23,4
2026-04-24,Comercializador regulado,2,30,-54.41,-156.44,3
2026-04-24,Integrado/regional regulado,1,9,-49.02,-67.2,2
2026-04-24,Trader expuesto a bolsa (sin cobertura),3,6,-31.79,-32.0,1
2026-04-25,Trader con sobrecobertura de contratos,4,10,-107.31,-227.36,4
2026-04-25,Trader no regulado,0,10,-188.88,-254.43,5
2026-04-25,Comercializador regulado,2,31,-64.33,-169.62,3
2026-04-25,Integrado/regional regulado,1,8,-44.17,-44.89,2
2026-04-25,Trader expuesto a bolsa (sin cobertura),3,6,-1.32,-1.58,1
2026-04-26,Trader con sobrecobertura de contratos,4,12,-152.62,-243.11,4
2026-04-26,Trader no regulado,0,8,-423.19,-314.84,5
2026-04-26,Comercializador regulado,2,32,-72.31,-192.39,3
2026-04-26,Integrado/regional regulado,1,7,-42.65,-44.45,2
2026-04-26,Trader expuesto a bolsa (sin cobertura),3,6,5.71,5.37,1
2026-04-27,Trader con sobrecobertura de contratos,4,9,-154.41,-218.38,4
2026-04-27,Trader no regulado,0,11,-285.87,-273.13,5
2026-04-27,Comercializador regulado,2,30,-60.69,-164.5,3
2026-04-27,Integrado/regional regulado,1,9,-47.14,-65.32,2
2026-04-27,Trader expuesto a bolsa (sin cobertura),3,6,-19.19,-19.43,1
2026-04-28,Trader con sobrecobertura de contratos,4,10,-119.87,-234.0,5
2026-04-28,Trader no regulado,0,10,-73.4,-221.88,4
2026-04-28,Comercializador regulado,2,30,-56.09,-157.54,3
2026-04-28,Integrado/regional regulado,1,9,-41.84,-59.32,2
2026-04-28,Trader expuesto a bolsa (sin cobertura),3,6,2.61,2.32,1
2026-04-29,Trader con sobrecobertura de contratos,4,9,-127.2,-199.22,4
2026-04-29,Trader no regulado,0,11,-170.41,-249.41,5
2026-04-29,Comercializador regulado,2,30,-51.22,-146.93,3
2026-04-29,Integrado/regional regulado,1,9,-39.6,-55.15,2
2026-04-29,Trader expuesto a bolsa (sin cobertura),3,6,22.3,21.89,1
2026-04-30,Trader con sobrecobertura de contratos,4,10,-132.99,-226.15,5
2026-04-30,Trader no regulado,0,10,-56.78,-222.78,4
2026-04-30,Comercializador regulado,2,30,-49.58,-142.0,3
2026-04-30,Integrado/regional regulado,1,9,-32.4,-49.76,2
2026-04-30,Trader expuesto a bolsa (sin cobertura),3,6,37.32,36.68,1
2026-05-01,Trader con sobrecobertura de contratos,4,12,-145.99,-286.59,4
2026-05-01,Trader no regulado,0,9,-241.51,-249.4,5
2026-05-01,Comercializador regulado,2,31,-54.84,-164.3,3
2026-05-01,Integrado/regional regulado,1,8,-38.29,-39.51,2
2026-05-01,Trader expuesto a bolsa (sin cobertura),3,5,48.77,47.79,1
2026-05-02,Trader con sobrecobertura de contratos,4,13,-179.1,-276.42,4
2026-05-02,Trader no regulado,0,8,-202.35,-274.55,5
2026-05-02,Comercializador regulado,2,31,-66.36,-165.05,3
2026-05-02,Integrado/regional regulado,1,8,-42.96,-45.63,2
2026-05-02,Trader expuesto a bolsa (sin cobertura),3,5,54.98,54.13,1
2026-05-03,Trader con sobrecobertura de contratos,4,13,-288.17,-308.0,5
2026-05-03,Trader no regulado,0,8,-256.94,-294.86,4
2026-05-03,Comercializador regulado,2,31,-85.91,-186.83,3
2026-05-03,Integrado/regional regulado,1,8,-52.48,-50.75,2
2026-05-03,Trader expuesto a bolsa (sin cobertura),3,5,38.69,37.93,1
2026-05-04,Trader con sobrecobertura de contratos,4,11,-174.93,-254.45,5
2026-05-04,Trader no regulado,0,10,-161.52,-253.74,4
2026-05-04,Comercializador regulado,2,30,-67.95,-168.73,3
2026-05-04,Integrado/regional regulado,1,9,-53.65,-72.0,2
2026-05-04,Trader expuesto a bolsa (sin cobertura),3,5,-31.3,-31.52,1
2026-05-05,Trader con sobrecobertura de contratos,4,12,-135.87,-264.24,5
2026-05-05,Trader no regulado,0,9,-95.99,-232.37,4
2026-05-05,Comercializador regulado,2,30,-67.6,-168.91,2
2026-05-05,Integrado/regional regulado,1,9,-59.26,-75.99,1
2026-05-05,Trader expuesto a bolsa (sin cobertura),3,5,-72.05,-71.91,3
2026-05-06,Trader con sobrecobertura de contratos,4,11,-145.4,-244.57,5
2026-05-06,Trader no regulado,0,10,-95.93,-242.18,4
2026-05-06,Comercializador regulado,2,30,-64.1,-167.49,3
2026-05-06,Integrado/regional regulado,1,9,-56.66,-73.93,1
2026-05-06,Trader expuesto a bolsa (sin cobertura),3,5,-58.97,-58.95,2
2026-05-07,Trader con sobrecobertura de contratos,4,12,-158.98,-268.07,5
2026-05-07,Trader no regulado,0,9,-118.06,-189.33,4
2026-05-07,Comercializador regulado,2,31,-68.5,-163.79,3
2026-05-07,Integrado/regional regulado,1,9,-55.77,-72.66,2
2026-05-07,Trader expuesto a bolsa (sin cobertura),3,4,-52.41,-52.46,1
2026-05-08,Trader con sobrecobertura de contratos,4,11,-186.16,-251.37,5
2026-05-08,Trader no regulado,0,10,-87.33,-243.0,4
2026-05-08,Comercializador regulado,2,31,-67.51,-164.97,2
2026-05-08,Integrado/regional regulado,1,9,-60.5,-76.77,1
2026-05-08,Trader expuesto a bolsa (sin cobertura),3,4,-77.99,-77.64,3
2026-05-09,Trader con sobrecobertura de contratos,4,11,-209.33,-258.79,5
2026-05-09,Trader no regulado,0,10,-86.0,-234.28,4
2026-05-09,Comercializador regulado,2,31,-49.91,-153.23,3
2026-05-09,Integrado/regional regulado,1,9,-41.21,-59.89,2
2026-05-09,Trader expuesto a bolsa (sin cobertura),3,4,32.67,31.87,1
2026-05-10,Trader con sobrecobertura de contratos,4,13,-278.48,-289.8,5
2026-05-10,Trader no regulado,0,8,-251.51,-292.93,4
2026-05-10,Comercializador regulado,2,32,-70.1,-182.59,3
2026-05-10,Integrado/regional regulado,1,8,-45.93,-48.22,2
2026-05-10,Trader expuesto a bolsa (sin cobertura),3,4,12.08,11.46,1
2026-05-11,Trader con sobrecobertura de contratos,4,12,-171.78,-251.26,4
2026-05-11,Trader no regulado,0,9,-216.18,-269.22,5
2026-05-11,Comercializador regulado,2,31,-81.86,-173.91,2
2026-05-11,Integrado/regional regulado,1,9,-69.93,-84.5,1
2026-05-11,Trader expuesto a bolsa (sin cobertura),3,4,-127.35,-126.58,3
2026-05-12,Trader con sobrecobertura de contratos,4,11,-165.65,-252.35,3
2026-05-12,Trader no regulado,0,10,-214.4,-287.3,4
2026-05-12,Comercializador regulado,2,31,-120.82,-204.48,2
2026-05-12,Integrado/regional regulado,1,9,-105.21,-121.9,1
2026-05-12,Trader expuesto a bolsa (sin cobertura),3,4,-344.65,-341.47,5
2026-05-13,Trader con sobrecobertura de contratos,4,11,-162.09,-260.59,3
2026-05-13,Trader no regulado,0,10,-223.1,-305.66,4
2026-05-13,Comercializador regulado,2,31,-149.92,-233.9,2
2026-05-13,Integrado/regional regulado,1,9,-130.49,-143.25,1
2026-05-13,Trader expuesto a bolsa (sin cobertura),3,4,-484.92,-480.46,5
2026-05-14,Trader con sobrecobertura de contratos,4,12,-133.92,-247.11,1
2026-05-14,Trader no regulado,0,9,-380.82,-339.15,4
2026-05-14,Comercializador regulado,2,31,-154.02,-235.77,3
2026-05-14,Integrado/regional regulado,1,9,-151.71,-163.84,2
2026-05-14,Trader expuesto a bolsa (sin cobertura),3,4,-500,-500.0,5
2026-05-15,Trader con sobrecobertura de contratos,4,12,-118.02,-243.87,1
2026-05-15,Trader no regulado,0,9,-367.2,-333.3,4
2026-05-15,Comercializador regulado,2,31,-142.04,-230.37,2
2026-05-15,Integrado/regional regulado,1,9,-149.51,-159.58,3
2026-05-15,Trader expuesto a bolsa (sin cobertura),3,4,-500,-499.85,5
2026-05-16,Trader con sobrecobertura de contratos,4,12,-151.49,-241.49,3
2026-05-16,Trader no regulado,0,9,-335.35,-312.17,4
2026-05-16,Comercializador regulado,2,31,-131.53,-211.99,2
2026-05-16,Integrado/regional regulado,1,9,-127.2,-130.59,1
2026-05-16,Trader expuesto a bolsa (sin cobertura),3,4,-411.91,-407.99,5
2026-05-17,Trader con sobrecobertura de contratos,4,14,-211.73,-286.95,3
2026-05-17,Trader no regulado,0,7,-448.0,-384.48,5
2026-05-17,Comercializador regulado,2,32,-174.71,-230.79,2
2026-05-17,Integrado/regional regulado,1,8,-89.46,-104.53,1
2026-05-17,Trader expuesto a bolsa (sin cobertura),3,4,-426.43,-422.03,4
2026-05-18,Trader con sobrecobertura de contratos,4,13,-191.26,-269.77,3
2026-05-18,Trader no regulado,0,8,-403.85,-356.6,4
2026-05-18,Comercializador regulado,2,32,-152.83,-229.6,2
2026-05-18,Integrado/regional regulado,1,8,-97.36,-115.31,1
2026-05-18,Trader expuesto a bolsa (sin cobertura),3,4,-485.32,-479.39,5
2026-05-19,Trader con sobrecobertura de contratos,4,13,-171.9,-268.14,3
2026-05-19,Trader no regulado,0,8,-192.94,-307.99,4
2026-05-19,Comercializador regulado,2,31,-164.46,-238.35,2
2026-05-19,Integrado/regional regulado,1,9,-147.52,-150.98,1
2026-05-19,Trader expuesto a bolsa (sin cobertura),3,4,-500,-500.0,5
2026-05-20,Trader con sobrecobertura de contratos,4,11,-202.66,-283.86,4
2026-05-20,Trader no regulado,0,9,-198.0,-295.08,3
2026-05-20,Comercializador regulado,2,32,-170.44,-239.31,2
2026-05-20,Integrado/regional regulado,1,9,-161.69,-156.73,1
2026-05-20,Trader expuesto a bolsa (sin cobertura),3,4,-500,-500.0,5
2026-05-21,Trader con sobrecobertura de contratos,4,11,-119.72,-240.46,2
2026-05-21,Trader no regulado,0,10,-168.27,-302.48,4
2026-05-21,Comercializador regulado,2,31,-135.39,-215.83,3
2026-05-21,Integrado/regional regulado,1,9,-117.18,-134.15,1
2026-05-21,Trader expuesto a bolsa (sin cobertura),3,4,-453.26,-448.1,5
2026-05-22,Trader con sobrecobertura de contratos,4,10,-122.13,-254.05,3
2026-05-22,Trader no regulado,0,11,-177.41,-278.17,4
2026-05-22,Comercializador regulado,2,31,-110.83,-197.0,2
2026-05-22,Integrado/regional regulado,1,9,-103.28,-113.52,1
2026-05-22,Trader expuesto a bolsa (sin cobertura),3,4,-313.94,-309.79,5
2026-05-23,Trader con sobrecobertura de contratos,4,11,-142.84,-246.45,2
2026-05-23,Trader no regulado,0,10,-203.82,-296.79,4
2026-05-23,Comercializador regulado,2,31,-146.25,-219.2,3
2026-05-23,Integrado/regional regulado,1,9,-114.12,-123.7,1
2026-05-23,Trader expuesto a bolsa (sin cobertura),3,4,-442.49,-438.2,5
2026-05-24,Trader con sobrecobertura de contratos,4,14,-176.8,-240.01,3
2026-05-24,Trader no regulado,0,7,-400.42,-358.86,5
2026-05-24,Comercializador regulado,2,32,-140.14,-224.21,2
2026-05-24,Integrado/regional regulado,1,8,-91.82,-91.25,1
2026-05-24,Trader expuesto a bolsa (sin cobertura),3,4,-345.52,-342.06,4
2026-05-25,Trader con sobrecobertura de contratos,4,11,-107.03,-240.79,1
2026-05-25,Trader no regulado,0,10,-389.37,-344.16,5
2026-05-25,Comercializador regulado,2,32,-134.45,-205.46,3
2026-05-25,Integrado/regional regulado,1,9,-110.79,-120.59,2
2026-05-25,Trader expuesto a bolsa (sin cobertura),3,3,-374.55,-369.92,4
2026-05-26,Trader con sobrecobertura de contratos,4,10,-156.67,-262.6,3
2026-05-26,Trader no regulado,0,11,-288.92,-297.18,4
2026-05-26,Comercializador regulado,2,32,-116.98,-201.16,2
2026-05-26,Integrado/regional regulado,1,9,-110.2,-117.17,1
2026-05-26,Trader expuesto a bolsa (sin cobertura),3,3,-366.96,-362.4,5
2026-05-27,Trader con sobrecobertura de contratos,4,10,-84.79,-253.07,1
2026-05-27,Trader no regulado,0,10,-121.32,-264.76,4
2026-05-27,Comercializador regulado,2,32,-107.97,-193.14,3
2026-05-27,Integrado/regional regulado,1,9,-98.42,-108.62,2
2026-05-27,Trader expuesto a bolsa (sin cobertura),3,4,-294.92,-292.43,5
2026-05-28,Trader con sobrecobertura de contratos,4,9,-149.7,-267.14,3
2026-05-28,Trader no regulado,0,11,-161.24,-260.44,4
2026-05-28,Comercializador regulado,2,32,-92.42,-176.73,2
2026-05-28,Integrado/regional regulado,1,9,-81.53,-93.21,1
2026-05-28,Trader expuesto a bolsa (sin cobertura),3,4,-178.87,-177.27,5
2026-05-29,Trader con sobrecobertura de contratos,4,9,-123.37,-268.52,4
2026-05-29,Trader no regulado,0,12,-95.95,-231.83,3
2026-05-29,Comercializador regulado,2,31,-82.16,-173.47,2
2026-05-29,Integrado/regional regulado,1,9,-68.88,-83.42,1
2026-05-29,Trader expuesto a bolsa (sin cobertura),3,4,-127.27,-126.14,5
2026-05-30,Trader con sobrecobertura de contratos,4,11,-153.35,-241.23,5
2026-05-30,Trader no regulado,0,10,-104.42,-266.13,4
2026-05-30,Comercializador regulado,2,31,-77.1,-176.74,2
2026-05-30,Integrado/regional regulado,1,9,-61.41,-77.78,1
2026-05-30,Trader expuesto a bolsa (sin cobertura),3,4,-85.48,-85.15,3
2026-05-31,Trader con sobrecobertura de contratos,4,13,-284.58,-284.11,4
2026-05-31,Trader no regulado,0,9,-500,-351.48,5
2026-05-31,Comercializador regulado,2,32,-86.12,-198.04,3
2026-05-31,Integrado/regional regulado,1,8,-59.35,-60.64,1
2026-05-31,Trader expuesto a bolsa (sin cobertura),3,3,-71.56,-71.32,2
2026-06-01,Trader con sobrecobertura de contratos,4,9,-190.85,-248.58,3
2026-06-01,Trader no regulado,0,11,-368.18,-309.21,5
2026-06-01,Comercializador regulado,2,32,-109.69,-191.52,2
2026-06-01,Integrado/regional regulado,1,9,-90.44,-106.24,1
2026-06-01,Trader expuesto a bolsa (sin cobertura),3,4,-273.71,-271.32,4
2026-06-02,Trader con sobrecobertura de contratos,4,9,-177.44,-237.35,3
2026-06-02,Trader no regulado,0,12,-370.15,-331.56,5
2026-06-02,Comercializador regulado,2,32,-109.47,-188.43,2
2026-06-02,Integrado/regional regulado,1,9,-96.41,-109.23,1
2026-06-02,Trader expuesto a bolsa (sin cobertura),3,3,-285.53,-282.14,4
2026-06-03,Trader con sobrecobertura de contratos,4,9,-138.95,-229.41,3
2026-06-03,Trader no regulado,0,12,-331.3,-323.4,5
2026-06-03,Comercializador regulado,2,32,-113.64,-190.16,2
2026-06-03,Integrado/regional regulado,1,9,-92.85,-104.6,1
2026-06-03,Trader expuesto a bolsa (sin cobertura),3,3,-311.49,-307.92,4
2026-06-04,Trader con sobrecobertura de contratos,4,10,-112.28,-250.09,3
2026-06-04,Trader no regulado,0,11,-342.03,-307.9,5
2026-06-04,Comercializador regulado,2,32,-104.72,-184.36,2
2026-06-04,Integrado/regional regulado,1,9,-83.15,-97.49,1
2026-06-04,Trader expuesto a bolsa (sin cobertura),3,3,-268.34,-264.63,4
2026-06-05,Trader con sobrecobertura de contratos,4,10,-94.04,-249.76,2
2026-06-05,Trader no regulado,0,11,-500,-324.48,5
2026-06-05,Comercializador regulado,2,32,-124.88,-196.68,3
2026-06-05,Integrado/regional regulado,1,9,-87.74,-115.37,1
2026-06-05,Trader expuesto a bolsa (sin cobertura),3,3,-393.26,-386.03,4
2026-06-06,Trader con sobrecobertura de contratos,4,10,-116.77,-251.08,3
2026-06-06,Trader no regulado,0,11,-500,-323.86,5
2026-06-06,Comercializador regulado,2,32,-110.82,-199.5,2
2026-06-06,Integrado/regional regulado,1,9,-74.6,-96.44,1
2026-06-06,Trader expuesto a bolsa (sin cobertura),3,3,-313.5,-309.69,4
2026-06-07,Trader con sobrecobertura de contratos,4,13,-209.96,-247.52,4
2026-06-07,Trader no regulado,0,7,-500,-383.54,5
2026-06-07,Comercializador regulado,2,34,-97.41,-210.42,2
2026-06-07,Integrado/regional regulado,1,7,-69.23,-69.86,1
2026-06-07,Trader expuesto a bolsa (sin cobertura),3,4,-202.87,-201.09,3
2026-06-08,Trader con sobrecobertura de contratos,4,16,-133.79,-242.38,3
2026-06-08,Trader no regulado,0,5,-500,-415.12,5
2026-06-08,Comercializador regulado,2,33,-90.9,-200.42,2
2026-06-08,Integrado/regional regulado,1,7,-65.5,-68.04,1
2026-06-08,Trader expuesto a bolsa (sin cobertura),3,4,-174.58,-172.92,4
2026-06-09,Trader con sobrecobertura de contratos,4,11,-180.88,-281.96,4
2026-06-09,Trader no regulado,0,9,-171.58,-278.12,3
2026-06-09,Comercializador regulado,2,32,-93.72,-184.81,2
2026-06-09,Integrado/regional regulado,1,9,-69.25,-85.49,1
2026-06-09,Trader expuesto a bolsa (sin cobertura),3,4,-209.6,-207.89,5
2026-06-10,Trader con sobrecobertura de contratos,4,11,-135.5,-237.61,3
2026-06-10,Comercializador regulado,2,32,-85.06,-174.16,2
2026-06-10,Trader no regulado,0,9,-500,-312.43,5
2026-06-10,Integrado/regional regulado,1,9,-64.12,-79.76,1
2026-06-10,Trader expuesto a bolsa (sin cobertura),3,3,-149.53,-148.17,4
2026-06-11,Trader con sobrecobertura de contratos,4,11,-165.55,-258.26,4
2026-06-11,Trader no regulado,0,10,-97.9,-271.98,3
2026-06-11,Comercializador regulado,2,31,-93.9,-176.61,2
2026-06-11,Integrado/regional regulado,1,9,-71.2,-86.8,1
2026-06-11,Trader expuesto a bolsa (sin cobertura),3,4,-169.83,-168.31,5
2026-06-12,Trader con sobrecobertura de contratos,4,9,-128.23,-225.8,4
2026-06-12,Comercializador regulado,2,31,-92.45,-179.16,2
2026-06-12,Trader no regulado,0,11,-123.21,-258.55,3
2026-06-12,Integrado/regional regulado,1,9,-74.92,-89.55,1
2026-06-12,Trader expuesto a bolsa (sin cobertura),3,4,-178.26,-176.25,5
2026-06-13,Trader con sobrecobertura de contratos,4,10,-141.68,-260.5,3
2026-06-13,Comercializador regulado,2,32,-120.27,-194.78,2
2026-06-13,Trader no regulado,0,9,-151.47,-267.0,4
2026-06-13,Integrado/regional regulado,1,9,-97.0,-107.37,1
2026-06-13,Trader expuesto a bolsa (sin cobertura),3,4,-305.21,-302.42,5
2026-06-14,Trader con sobrecobertura de contratos,4,14,-190.84,-264.43,4
2026-06-14,Comercializador regulado,2,32,-91.23,-205.53,2
2026-06-14,Integrado/regional regulado,1,8,-66.98,-66.17,1
2026-06-14,Trader no regulado,0,6,-368.81,-341.66,5
2026-06-14,Trader expuesto a bolsa (sin cobertura),3,4,-142.48,-141.42,3
2026-06-15,Trader con sobrecobertura de contratos,4,13,-194.99,-240.24,4
2026-06-15,Comercializador regulado,2,32,-82.57,-202.61,2
2026-06-15,Integrado/regional regulado,1,8,-59.75,-60.47,1
2026-06-15,Trader no regulado,0,7,-354.59,-322.33,5
2026-06-15,Trader expuesto a bolsa (sin cobertura),3,4,-100.7,-100.05,3
2026-06-16,Trader con sobrecobertura de contratos,4,8,-181.82,-294.85,4
2026-06-16,Trader no regulado,0,12,-152.05,-259.24,3
2026-06-16,Comercializador regulado,2,32,-114.45,-195.59,2
2026-06-16,Integrado/regional regulado,1,9,-81.24,-95.43,1
2026-06-16,Trader expuesto a bolsa (sin cobertura),3,4,-257.82,-255.56,5
2026-06-17,Trader con sobrecobertura de contratos,4,10,-189.76,-300.93,5
2026-06-17,Comercializador regulado,2,32,-88.19,-175.01,2
2026-06-17,Trader no regulado,0,9,-93.56,-210.99,3
2026-06-17,Integrado/regional regulado,1,9,-72.89,-87.89,1
2026-06-17,Trader expuesto a bolsa (sin cobertura),3,4,-184.47,-183.09,4
2026-06-18,Trader con sobrecobertura de contratos,4,9,-187.68,-273.76,5
2026-06-18,Comercializador regulado,2,32,-86.96,-174.65,2
2026-06-18,Trader no regulado,0,10,-101.26,-233.62,3
2026-06-18,Integrado/regional regulado,1,9,-66.67,-84.46,1
2026-06-18,Trader expuesto a bolsa (sin cobertura),3,4,-173.23,-171.66,4
2026-06-19,Trader con sobrecobertura de contratos,4,9,-274.66,-292.37,5
2026-06-19,Comercializador regulado,2,32,-99.97,-182.7,2
2026-06-19,Trader no regulado,0,10,-116.33,-243.29,3
2026-06-19,Integrado/regional regulado,1,9,-76.98,-95.16,1
2026-06-19,Trader expuesto a bolsa (sin cobertura),3,4,-246.95,-243.83,4
2026-06-20,Trader con sobrecobertura de contratos,4,10,-169.91,-259.89,4
2026-06-20,Comercializador regulado,2,32,-100.51,-185.82,2
2026-06-20,Trader no regulado,0,9,-124.33,-256.73,3
2026-06-20,Integrado/regional regulado,1,9,-74.78,-91.17,1
2026-06-20,Trader expuesto a bolsa (sin cobertura),3,4,-220.46,-218.6,5
2026-06-21,Trader con sobrecobertura de contratos,4,13,-277.39,-295.92,4
2026-06-21,Comercializador regulado,2,33,-92.99,-211.48,2
2026-06-21,Integrado/regional regulado,1,8,-68.15,-67.36,1
2026-06-21,Trader no regulado,0,6,-411.25,-347.21,5
2026-06-21,Trader expuesto a bolsa (sin cobertura),3,4,-163.36,-162.05,3
2026-06-22,Trader con sobrecobertura de contratos,4,10,-170.44,-301.86,4
2026-06-22,Comercializador regulado,2,32,-127.78,-202.45,2
2026-06-22,Trader no regulado,0,9,-143.16,-281.01,3
2026-06-22,Integrado/regional regulado,1,9,-107.27,-117.3,1
2026-06-22,Trader expuesto a bolsa (sin cobertura),3,4,-387.56,-383.94,5
2026-06-23,Trader con sobrecobertura de contratos,4,10,-129.57,-256.56,3
2026-06-23,Comercializador regulado,2,32,-125.44,-201.46,2
2026-06-23,Trader no regulado,0,9,-183.74,-287.7,4
2026-06-23,Integrado/regional regulado,1,9,-107.27,-126.82,1
2026-06-23,Trader expuesto a bolsa (sin cobertura),3,4,-402.5,-398.64,5
2026-06-24,Trader con sobrecobertura de contratos,4,10,-125.37,-258.48,2
2026-06-24,Comercializador regulado,2,32,-136.24,-204.83,3
2026-06-24,Trader no regulado,0,10,-182.57,-310.2,4
2026-06-24,Integrado/regional regulado,1,9,-113.87,-134.85,1
2026-06-24,Trader expuesto a bolsa (sin cobertura),3,3,-452.74,-447.16,5
2026-06-25,Trader con sobrecobertura de contratos,4,10,-125.05,-256.14,1
2026-06-25,Comercializador regulado,2,32,-129.67,-206.71,2
2026-06-25,Trader no regulado,0,9,-195.04,-301.98,4
2026-06-25,Integrado/regional regulado,1,9,-132.31,-144.16,3
2026-06-25,Trader expuesto a bolsa (sin cobertura),3,4,-461.58,-456.26,5
2026-06-26,Trader con sobrecobertura de contratos,4,11,-221.27,-283.42,4
2026-06-26,Comercializador regulado,2,31,-129.87,-210.86,2
2026-06-26,Trader no regulado,0,8,-156.06,-265.46,3
2026-06-26,Integrado/regional regulado,1,9,-123.69,-140.97,1
2026-06-26,Trader expuesto a bolsa (sin cobertura),3,4,-444.0,-437.71,5
2026-06-27,Trader con sobrecobertura de contratos,4,10,-134.87,-256.56,2
2026-06-27,Comercializador regulado,2,32,-136.28,-206.6,3
2026-06-27,Trader no regulado,0,9,-164.36,-280.66,4
2026-06-27,Integrado/regional regulado,1,9,-108.38,-131.84,1
2026-06-27,Trader expuesto a bolsa (sin cobertura),3,4,-432.14,-427.95,5
2026-06-28,Trader con sobrecobertura de contratos,4,13,-245.88,-263.03,3
2026-06-28,Comercializador regulado,2,33,-160.15,-235.91,2
2026-06-28,Integrado/regional regulado,1,8,-97.76,-118.8,1
2026-06-28,Trader no regulado,0,6,-409.64,-363.72,4
2026-06-28,Trader expuesto a bolsa (sin cobertura),3,4,-455.5,-450.72,5
2026-06-29,Trader con sobrecobertura de contratos,4,11,-107.61,-237.95,2
2026-06-29,Comercializador regulado,2,33,-138.54,-235.51,3
2026-06-29,Integrado/regional regulado,1,8,-107.44,-126.45,1
2026-06-29,Trader no regulado,0,8,-283.28,-327.19,4
2026-06-29,Trader expuesto a bolsa (sin cobertura),3,4,-479.11,-473.25,5
2026-06-30,Trader con sobrecobertura de contratos,4,9,-154.55,-269.38,2
2026-06-30,Trader no regulado,0,11,-274.66,-319.33,4
2026-06-30,Comercializador regulado,2,32,-138.94,-217.88,1
2026-06-30,Integrado/regional regulado,1,9,-159.15,-167.17,3
2026-06-30,Trader expuesto a bolsa (sin cobertura),3,4,-500,-500.0,5
2026-07-01,Trader con sobrecobertura de contratos,4,9,-172.56,-277.77,2
2026-07-01,Trader expuesto a bolsa (sin cobertura),3,5,-500,-500.0,5
2026-07-01,Comercializador regulado,2,32,-173.65,-236.81,3
2026-07-01,Trader no regulado,0,10,-203.37,-295.6,4
2026-07-01,Integrado/regional regulado,1,9,-160.97,-173.71,1
2026-07-02,Trader con sobrecobertura de contratos,4,9,-138.22,-236.37,1
2026-07-02,Trader no regulado,0,10,-282.01,-324.34,4
2026-07-02,Comercializador regulado,2,32,-148.47,-228.38,2
2026-07-02,Integrado/regional regulado,1,9,-158.43,-172.47,3
2026-07-02,Trader expuesto a bolsa (sin cobertura),3,4,-500,-500.0,5
2026-07-03,Trader con sobrecobertura de contratos,4,9,-108.52,-187.41,1
2026-07-03,Trader no regulado,0,10,-388.69,-339.46,4
2026-07-03,Comercializador regulado,2,32,-161.79,-235.36,3
2026-07-03,Integrado/regional regulado,1,9,-135.95,-162.36,2
2026-07-03,Trader expuesto a bolsa (sin cobertura),3,4,-500,-500.0,5
2026-07-04,Trader con sobrecobertura de contratos,4,10,-115.47,-257.46,1
2026-07-04,Comercializador regulado,2,32,-147.92,-237.52,3
2026-07-04,Trader no regulado,0,9,-222.88,-294.88,4
2026-07-04,Integrado/regional regulado,1,9,-119.85,-143.13,2
2026-07-04,Trader expuesto a bolsa (sin cobertura),3,4,-500,-497.9,5
2026-07-05,Trader con sobrecobertura de contratos,4,12,-156.49,-255.0,2
2026-07-05,Comercializador regulado,2,33,-171.6,-238.87,3
2026-07-05,Integrado/regional regulado,1,8,-100.3,-118.37,1
2026-07-05,Trader no regulado,0,7,-477.61,-365.27,5
2026-07-05,Trader expuesto a bolsa (sin cobertura),3,4,-435.5,-430.97,4
2026-07-06,Trader con sobrecobertura de contratos,4,10,-99.5,-254.45,1
2026-07-06,Comercializador regulado,2,32,-169.86,-233.48,3
2026-07-06,Trader no regulado,0,9,-285.15,-313.86,4
2026-07-06,Integrado/regional regulado,1,9,-153.99,-167.08,2
2026-07-06,Trader expuesto a bolsa (sin cobertura),3,4,-500,-500.0,5
2026-07-07,Trader con sobrecobertura de contratos,4,9,-96.92,-226.41,1
2026-07-07,Trader expuesto a bolsa (sin cobertura),3,5,-467.67,-470.51,5
2026-07-07,Comercializador regulado,2,32,-140.64,-218.69,2
2026-07-07,Trader no regulado,0,10,-283.21,-336.28,4
2026-07-07,Integrado/regional regulado,1,9,-145.03,-157.03,3
2026-07-08,Trader con sobrecobertura de contratos,4,9,-121.11,-226.75,1
2026-07-08,Trader expuesto a bolsa (sin cobertura),3,5,-486.03,-485.24,5
2026-07-08,Comercializador regulado,2,32,-154.67,-223.91,2
2026-07-08,Trader no regulado,0,10,-276.51,-330.11,4
2026-07-08,Integrado/regional regulado,1,9,-155.71,-164.59,3
2026-07-09,Trader con sobrecobertura de contratos,4,8,-82.03,-240.85,1
2026-07-09,Trader no regulado,0,12,-200.42,-322.83,4
2026-07-09,Comercializador regulado,2,32,-138.6,-219.43,2
2026-07-09,Integrado/regional regulado,1,9,-138.61,-156.06,3
2026-07-09,Trader expuesto a bolsa (sin cobertura),3,4,-472.62,-467.26,5
2026-07-10,Trader con sobrecobertura de contratos,4,9,-112.36,-230.0,1
2026-07-10,Trader no regulado,0,11,-377.85,-342.44,4
2026-07-10,Comercializador regulado,2,32,-142.82,-221.61,3
2026-07-10,Integrado/regional regulado,1,9,-133.29,-151.88,2
2026-07-10,Trader expuesto a bolsa (sin cobertura),3,4,-472.29,-465.63,5
2026-07-11,Trader con sobrecobertura de contratos,4,9,-80.31,-227.58,1
2026-07-11,Comercializador regulado,2,32,-148.71,-226.08,3
2026-07-11,Trader no regulado,0,10,-249.41,-328.71,4
2026-07-11,Integrado/regional regulado,1,9,-139.37,-155.14,2
2026-07-11,Trader expuesto a bolsa (sin cobertura),3,4,-500,-495.37,5
2026-07-12,Trader con sobrecobertura de contratos,4,11,-184.5,-255.71,3
2026-07-12,Trader no regulado,0,8,-420.71,-372.33,4
2026-07-12,Comercializador regulado,2,33,-144.9,-243.54,2
2026-07-12,Integrado/regional regulado,1,8,-104.24,-130.72,1
2026-07-12,Trader expuesto a bolsa (sin cobertura),3,4,-500,-500.0,5
2026-07-13,Trader con sobrecobertura de contratos,4,10,-173.89,-262.52,3
2026-07-13,Trader no regulado,0,9,-334.17,-313.4,4
2026-07-13,Comercializador regulado,2,33,-153.95,-239.33,2
2026-07-13,Integrado/regional regulado,1,8,-107.15,-136.32,1
2026-07-13,Trader expuesto a bolsa (sin cobertura),3,4,-500,-500.0,5
2026-07-14,Trader con sobrecobertura de contratos,4,9,-119.51,-230.81,1
2026-07-14,Trader no regulado,0,10,-329.05,-350.8,4
2026-07-14,Comercializador regulado,2,32,-181.66,-239.72,3
2026-07-14,Integrado/regional regulado,1,9,-156.78,-177.17,2
2026-07-14,Trader expuesto a bolsa (sin cobertura),3,4,-500,-500.0,5
2026-07-15,Trader con sobrecobertura de contratos,4,9,-106.75,-227.97,1
2026-07-15,Trader no regulado,0,12,-427.81,-371.37,4
2026-07-15,Comercializador regulado,2,32,-183.9,-247.91,3
2026-07-15,Integrado/regional regulado,1,9,-177.62,-193.16,2
2026-07-15,Trader expuesto a bolsa (sin cobertura),3,3,-500,-500.0,5
2026-07-16,Trader con sobrecobertura de contratos,4,8,-76.75,-194.38,1
2026-07-16,Trader no regulado,0,13,-500,-380.13,4
2026-07-16,Comercializador regulado,2,32,-182.05,-242.11,3
2026-07-16,Integrado/regional regulado,1,9,-170.02,-183.73,2
2026-07-16,Trader expuesto a bolsa (sin cobertura),3,3,-500,-500.0,5
2026-07-17,Trader con sobrecobertura de contratos,4,8,-77.15,-193.08,1
2026-07-17,Trader no regulado,0,13,-480.64,-388.51,4
2026-07-17,Comercializador regulado,2,32,-187.93,-244.58,3
2026-07-17,Integrado/regional regulado,1,9,-180.35,-191.6,2
2026-07-17,Trader expuesto a bolsa (sin cobertura),3,3,-500,-500.0,5
2026-07-18,Trader con sobrecobertura de contratos,4,8,-77.5,-190.49,1
2026-07-18,Trader no regulado,0,12,-422.07,-355.35,4
2026-07-18,Comercializador regulado,2,31,-170.43,-236.99,3
2026-07-18,Integrado/regional regulado,1,9,-150.22,-166.17,2
2026-07-18,Trader expuesto a bolsa (sin cobertura),3,3,-500,-500.0,5
2026-07-19,Trader con sobrecobertura de contratos,4,13,-233.86,-289.63,3
2026-07-19,Comercializador regulado,2,33,-168.16,-254.48,2
2026-07-19,Integrado/regional regulado,1,8,-113.51,-143.81,1
2026-07-19,Trader no regulado,0,7,-455.93,-375.44,4
2026-07-19,Trader expuesto a bolsa (sin cobertura),3,3,-500,-500.0,5
2026-07-20,Trader con sobrecobertura de contratos,4,11,-180.86,-260.64,3
2026-07-20,Trader no regulado,0,10,-498.82,-364.81,4
2026-07-20,Comercializador regulado,2,33,-153.86,-241.35,2
2026-07-20,Integrado/regional regulado,1,8,-97.61,-124.98,1
2026-07-20,Trader expuesto a bolsa (sin cobertura),3,3,-500,-500.0,5
2026-07-21,Trader con sobrecobertura de contratos,4,11,-113.04,-217.7,1
2026-07-21,Trader no regulado,0,9,-500,-390.95,4
2026-07-21,Comercializador regulado,2,32,-157.93,-232.5,3
2026-07-21,Integrado/regional regulado,1,9,-130.23,-150.11,2
2026-07-21,Trader expuesto a bolsa (sin cobertura),3,3,-500,-500.0,5
2026-07-22,Trader con sobrecobertura de contratos,4,8,-79.4,-198.6,1
2026-07-22,Trader no regulado,0,12,-447.11,-379.5,4
2026-07-22,Comercializador regulado,2,32,-192.57,-249.77,3
2026-07-22,Integrado/regional regulado,1,9,-180.53,-193.1,2
2026-07-22,Trader expuesto a bolsa (sin cobertura),3,3,-500,-500.0,5
2026-07-23,Trader expuesto a bolsa (sin cobertura),3,39,120.58,64.61,3
2026-07-23,Trader no regulado,0,13,-42.4,-203.98,4
2026-07-23,Integrado/regional regulado,1,3,174.62,179.19,2
2026-07-23,Comercializador regulado,2,6,-182.36,-247.41,5
2026-07-23,Trader con sobrecobertura de contratos,4,4,227.5,-136.25,1
2026-07-24,Trader expuesto a bolsa (sin cobertura),3,41,121.68,71.42,2
2026-07-24,Trader no regulado,0,9,-40.91,-203.98,3
2026-07-24,Integrado/regional regulado,1,3,177.41,178.39,1
2026-07-24,Comercializador regulado,2,6,-96.5,-229.84,4
2026-07-24,Trader con sobrecobertura de contratos,4,5,-230.38,-155.08,5
2026-07-25,Trader expuesto a bolsa (sin cobertura),3,40,145.96,103.39,2
2026-07-25,Trader no regulado,0,9,9.05,-174.08,3
2026-07-25,Integrado/regional regulado,1,3,182.46,178.61,1
2026-07-25,Comercializador regulado,2,5,-51.83,-155.96,4
2026-07-25,Trader con sobrecobertura de contratos,4,7,-224.76,-185.71,5
2026-07-26,Trader expuesto a bolsa (sin cobertura),3,21,83.28,-76.49,2
2026-07-26,Comercializador regulado,2,1,-500,-500.0,4
2026-07-26,Integrado/regional regulado,1,1,162.27,162.27,1
2026-07-26,Trader no regulado,0,1,-500,-500.0,3
2026-07-27,Trader expuesto a bolsa (sin cobertura),3,22,46.06,-100.57,2
2026-07-27,Comercializador regulado,2,1,-500,-500.0,4
2026-07-27,Integrado/regional regulado,1,1,131.41,131.41,1
2026-07-27,Trader no regulado,0,1,-500,-500.0,3
2026-07-28,Trader expuesto a bolsa (sin cobertura),3,39,135.06,69.09,3
2026-07-28,Comercializador regulado,2,8,-476.92,-315.36,5
2026-07-28,Trader no regulado,0,10,11.5,-142.19,4
2026-07-28,Integrado/regional regulado,1,3,179.23,176.69,2
2026-07-28,Trader con sobrecobertura de contratos,4,4,227.5,40.7,1
2026-07-29,Trader expuesto a bolsa (sin cobertura),3,41,130.05,67.22,3
2026-07-29,Comercializador regulado,2,8,-471.92,-322.99,5
2026-07-29,Trader no regulado,0,10,-45.64,-224.12,4
2026-07-29,Integrado/regional regulado,1,3,172.24,167.36,2
2026-07-29,Trader con sobrecobertura de contratos,4,2,227.5,227.5,1
2026-07-30,Trader expuesto a bolsa (sin cobertura),3,43,108.29,51.14,3
2026-07-30,Trader no regulado,0,9,-500,-275.42,4
2026-07-30,Comercializador regulado,2,8,-500,-345.54,5
2026-07-30,Integrado/regional regulado,1,3,146.84,140.36,2
2026-07-30,Trader con sobrecobertura de contratos,4,2,227.5,177.62,1
2026-07-31,Trader expuesto a bolsa (sin cobertura),3,40,117.48,56.51,3
2026-07-31,Comercializador regulado,2,8,-500,-346.83,5
2026-07-31,Trader no regulado,0,9,-51.86,-209.81,4
2026-07-31,Integrado/regional regulado,1,3,151.45,144.63,2
2026-07-31,Trader con sobrecobertura de contratos,4,4,227.5,200.37,1
