estudio_ini,estudio_fin,impacto_ini,impacto_fin,segmento,arquetipo_ganador,n_arquetipos,n_efectivo,codigos_arquetipos,p_valor_bootstrap_arquetipo,ratio_replicacion,dsr,holdout_pct,pct_dias_gana_segmento,kill_switch_1_0,ev_historico_cop_kwh,supera_capacidad_1_0,mae_f1_promedio_pp,n1_completo_1_0,n2_1_0,valida_final_1_0,gates_detalle
2017-03-21,2017-06-18,2017-06-19,2017-06-25,PEQUEÑO,Trader expuesto a bolsa (sin cobertura),3,3,Trader expuesto a bolsa (sin cobertura),0.001,1.052,1.0,100.0,100.0,0,105.81,0,,True,True,1,E1_gana_segmento=1;E2_sin_kill_switch=1;E3_ev_historico=1;E4_capacidad=1;V1_bootstrap=1;V2_n_efectivo=1;V3_holdout=1;V4_replicacion=1;V5_dsr=1;
2017-04-20,2017-07-18,2017-07-19,2017-07-25,PEQUEÑO,Trader expuesto a bolsa (sin cobertura),3,3,Trader expuesto a bolsa (sin cobertura),0.001,0.979,0.996,100.0,100.0,0,104.5,0,,True,True,1,E1_gana_segmento=1;E2_sin_kill_switch=1;E3_ev_historico=1;E4_capacidad=1;V1_bootstrap=1;V2_n_efectivo=1;V3_holdout=1;V4_replicacion=1;V5_dsr=1;
2021-05-29,2021-08-26,2021-08-27,2021-09-02,PEQUEÑO,Trader expuesto a bolsa (sin cobertura),4,4,Trader expuesto a bolsa (sin cobertura),0.001,0.997,0.992,100.0,100.0,0,59.71,0,,True,True,1,E1_gana_segmento=1;E2_sin_kill_switch=1;E3_ev_historico=1;E4_capacidad=1;V1_bootstrap=1;V2_n_efectivo=1;V3_holdout=1;V4_replicacion=1;V5_dsr=1;
2021-03-30,2021-06-27,2021-06-28,2021-07-04,PEQUEÑO,Trader expuesto a bolsa (sin cobertura),4,4,Trader expuesto a bolsa (sin cobertura),0.001,1.028,1.0,100.0,100.0,0,65.42,0,,True,True,1,E1_gana_segmento=1;E2_sin_kill_switch=1;E3_ev_historico=1;E4_capacidad=1;V1_bootstrap=1;V2_n_efectivo=1;V3_holdout=1;V4_replicacion=1;V5_dsr=1;
2018-08-13,2018-11-10,2018-11-11,2018-11-17,PEQUEÑO,Trader expuesto a bolsa (sin cobertura),3,3,"Trader expuesto a bolsa (sin cobertura),Trader no regulado",0.001,1.092,0.99,100.0,100.0,0,108.13,0,,True,True,1,E1_gana_segmento=1;E2_sin_kill_switch=1;E3_ev_historico=1;E4_capacidad=1;V1_bootstrap=1;V2_n_efectivo=1;V3_holdout=1;V4_replicacion=1;V5_dsr=1;
2017-09-17,2017-12-15,2017-12-16,2017-12-22,PEQUEÑO,Trader expuesto a bolsa (sin cobertura),3,3,"Trader expuesto a bolsa (sin cobertura),Trader no regulado",0.001,1.217,1.0,100.0,100.0,0,108.53,0,,True,True,1,E1_gana_segmento=1;E2_sin_kill_switch=1;E3_ev_historico=1;E4_capacidad=1;V1_bootstrap=1;V2_n_efectivo=1;V3_holdout=1;V4_replicacion=1;V5_dsr=1;
2021-02-28,2021-05-28,2021-05-29,2021-06-04,PEQUEÑO,Trader expuesto a bolsa (sin cobertura),4,4,"Trader expuesto a bolsa (sin cobertura),Trader expuesto a bolsa (sin cobertura)",0.001,1.534,1.0,100.0,100.0,0,65.16,0,,True,True,1,E1_gana_segmento=1;E2_sin_kill_switch=1;E3_ev_historico=1;E4_capacidad=1;V1_bootstrap=1;V2_n_efectivo=1;V3_holdout=1;V4_replicacion=1;V5_dsr=1;
2018-07-14,2018-10-11,2018-10-12,2018-10-18,PEQUEÑO,Trader expuesto a bolsa (sin cobertura),3,3,Trader expuesto a bolsa (sin cobertura),0.001,0.99,1.0,,100.0,0,74.76,0,,True,True,1,E1_gana_segmento=1;E2_sin_kill_switch=1;E3_ev_historico=1;E4_capacidad=1;V1_bootstrap=1;V2_n_efectivo=1;V3_holdout=1;V4_replicacion=1;V5_dsr=1;
2022-02-23,2022-05-23,2022-05-24,2022-05-30,PEQUEÑO,Trader expuesto a bolsa (sin cobertura),4,4,"Trader expuesto a bolsa (sin cobertura),Trader no regulado",0.001,1.724,0.986,100.0,100.0,0,61.74,0,,True,True,1,E1_gana_segmento=1;E2_sin_kill_switch=1;E3_ev_historico=1;E4_capacidad=1;V1_bootstrap=1;V2_n_efectivo=1;V3_holdout=1;V4_replicacion=1;V5_dsr=1;
2018-03-16,2018-06-13,2018-06-14,2018-06-20,MEDIANO,Comercializador mixto,3,3,"Comercializador mixto,Trader no regulado",0.001,1.102,0.971,,100.0,0,105.12,0,,True,True,1,E1_gana_segmento=1;E2_sin_kill_switch=1;E3_ev_historico=1;E4_capacidad=1;V1_bootstrap=1;V2_n_efectivo=1;V3_holdout=1;V4_replicacion=1;V5_dsr=1;
2021-08-27,2021-11-24,2021-11-25,2021-12-01,PEQUEÑO,Trader expuesto a bolsa (sin cobertura),4,4,Trader expuesto a bolsa (sin cobertura),0.001,1.019,1.0,100.0,100.0,0,46.84,0,,True,True,1,E1_gana_segmento=1;E2_sin_kill_switch=1;E3_ev_historico=1;E4_capacidad=1;V1_bootstrap=1;V2_n_efectivo=1;V3_holdout=1;V4_replicacion=1;V5_dsr=1;
2022-03-25,2022-06-22,2022-06-23,2022-06-29,PEQUEÑO,Trader expuesto a bolsa (sin cobertura),4,4,"Trader expuesto a bolsa (sin cobertura),Trader no regulado",0.001,1.026,0.987,100.0,100.0,0,55.91,0,,True,True,1,E1_gana_segmento=1;E2_sin_kill_switch=1;E3_ev_historico=1;E4_capacidad=1;V1_bootstrap=1;V2_n_efectivo=1;V3_holdout=1;V4_replicacion=1;V5_dsr=1;
2017-01-20,2017-04-19,2017-04-20,2017-04-26,PEQUEÑO,Trader expuesto a bolsa (sin cobertura),3,3,"Comercializador regulado,Trader expuesto a bolsa (sin cobertura)",0.001,1.161,1.0,100.0,100.0,0,101.13,0,,True,True,1,E1_gana_segmento=1;E2_sin_kill_switch=1;E3_ev_historico=1;E4_capacidad=1;V1_bootstrap=1;V2_n_efectivo=1;V3_holdout=1;V4_replicacion=1;V5_dsr=1;
2025-03-09,2025-06-06,2025-06-07,2025-06-13,PEQUEÑO,Trader expuesto a bolsa (sin cobertura),4,4,"Trader expuesto a bolsa (sin cobertura),Trader expuesto a bolsa (sin cobertura)",0.001,1.16,0.981,100.0,100.0,0,39.69,0,,True,True,1,E1_gana_segmento=1;E2_sin_kill_switch=1;E3_ev_historico=1;E4_capacidad=1;V1_bootstrap=1;V2_n_efectivo=1;V3_holdout=1;V4_replicacion=1;V5_dsr=1;
2025-02-07,2025-05-07,2025-05-08,2025-05-14,PEQUEÑO,Trader expuesto a bolsa (sin cobertura),3,3,"Integrado/regional regulado,Integrado/regional regulado,Trader expuesto a bolsa (sin cobertura)",0.001,2.974,1.0,100.0,100.0,0,80.12,0,,True,True,1,E1_gana_segmento=1;E2_sin_kill_switch=1;E3_ev_historico=1;E4_capacidad=1;V1_bootstrap=1;V2_n_efectivo=1;V3_holdout=1;V4_replicacion=1;V5_dsr=1;
2016-06-24,2016-09-21,2016-09-22,2016-09-28,PEQUEÑO,Trader expuesto a bolsa (sin cobertura),3,3,"Comercializador regulado,Trader expuesto a bolsa (sin cobertura)",0.001,1.346,0.968,100.0,85.7,0,98.5,0,,True,True,1,E1_gana_segmento=1;E2_sin_kill_switch=1;E3_ev_historico=1;E4_capacidad=1;V1_bootstrap=1;V2_n_efectivo=1;V3_holdout=1;V4_replicacion=1;V5_dsr=1;
2021-06-28,2021-09-25,2021-09-26,2021-10-02,PEQUEÑO,Trader expuesto a bolsa (sin cobertura),4,4,Trader expuesto a bolsa (sin cobertura),0.001,0.88,1.0,100.0,100.0,0,46.98,0,,True,True,1,E1_gana_segmento=1;E2_sin_kill_switch=1;E3_ev_historico=1;E4_capacidad=1;V1_bootstrap=1;V2_n_efectivo=1;V3_holdout=1;V4_replicacion=1;V5_dsr=1;
2016-06-24,2016-09-21,2016-09-22,2016-09-28,MEDIANO,Trader expuesto a bolsa (sin cobertura),3,3,"Trader expuesto a bolsa (sin cobertura),Trader no regulado",0.001,1.335,0.969,,85.7,0,97.58,0,,True,True,1,E1_gana_segmento=1;E2_sin_kill_switch=1;E3_ev_historico=1;E4_capacidad=1;V1_bootstrap=1;V2_n_efectivo=1;V3_holdout=1;V4_replicacion=1;V5_dsr=1;
2016-12-21,2017-03-20,2017-03-21,2017-03-27,PEQUEÑO,Trader expuesto a bolsa (sin cobertura),3,3,"Comercializador regulado,Trader expuesto a bolsa (sin cobertura)",0.001,1.087,1.0,100.0,100.0,0,93.93,0,,True,True,1,E1_gana_segmento=1;E2_sin_kill_switch=1;E3_ev_historico=1;E4_capacidad=1;V1_bootstrap=1;V2_n_efectivo=1;V3_holdout=1;V4_replicacion=1;V5_dsr=1;
2017-06-19,2017-09-16,2017-09-17,2017-09-23,PEQUEÑO,Trader expuesto a bolsa (sin cobertura),3,3,Trader expuesto a bolsa (sin cobertura),0.001,0.757,1.0,100.0,100.0,0,74.5,0,,True,True,1,E1_gana_segmento=1;E2_sin_kill_switch=1;E3_ev_historico=1;E4_capacidad=1;V1_bootstrap=1;V2_n_efectivo=1;V3_holdout=1;V4_replicacion=1;V5_dsr=1;
2017-08-18,2017-11-15,2017-11-16,2017-11-22,PEQUEÑO,Trader expuesto a bolsa (sin cobertura),3,3,"Trader expuesto a bolsa (sin cobertura),Trader no regulado",0.001,1.092,1.0,100.0,100.0,0,91.77,0,,True,True,1,E1_gana_segmento=1;E2_sin_kill_switch=1;E3_ev_historico=1;E4_capacidad=1;V1_bootstrap=1;V2_n_efectivo=1;V3_holdout=1;V4_replicacion=1;V5_dsr=1;
2017-10-17,2018-01-14,2018-01-15,2018-01-21,PEQUEÑO,Trader expuesto a bolsa (sin cobertura),3,3,"Comercializador regulado,Trader expuesto a bolsa (sin cobertura)",0.001,1.096,0.975,100.0,100.0,0,90.82,0,,True,True,1,E1_gana_segmento=1;E2_sin_kill_switch=1;E3_ev_historico=1;E4_capacidad=1;V1_bootstrap=1;V2_n_efectivo=1;V3_holdout=1;V4_replicacion=1;V5_dsr=1;
2016-10-22,2017-01-19,2017-01-20,2017-01-26,PEQUEÑO,Trader expuesto a bolsa (sin cobertura),3,3,"Comercializador regulado,Trader expuesto a bolsa (sin cobertura)",0.001,1.098,1.0,100.0,100.0,0,91.64,0,,True,True,1,E1_gana_segmento=1;E2_sin_kill_switch=1;E3_ev_historico=1;E4_capacidad=1;V1_bootstrap=1;V2_n_efectivo=1;V3_holdout=1;V4_replicacion=1;V5_dsr=1;
2020-09-01,2020-11-29,2020-11-30,2020-12-06,PEQUEÑO,Trader expuesto a bolsa (sin cobertura),4,4,"Comercializador regulado,Trader expuesto a bolsa (sin cobertura)",0.001,1.466,0.999,100.0,100.0,0,87.87,0,,True,True,1,E1_gana_segmento=1;E2_sin_kill_switch=1;E3_ev_historico=1;E4_capacidad=1;V1_bootstrap=1;V2_n_efectivo=1;V3_holdout=1;V4_replicacion=1;V5_dsr=1;
2018-01-15,2018-04-14,2018-04-15,2018-04-21,PEQUEÑO,Trader expuesto a bolsa (sin cobertura),3,3,"Trader expuesto a bolsa (sin cobertura),Trader no regulado",0.001,1.141,0.999,,100.0,0,89.42,0,,True,True,1,E1_gana_segmento=1;E2_sin_kill_switch=1;E3_ev_historico=1;E4_capacidad=1;V1_bootstrap=1;V2_n_efectivo=1;V3_holdout=1;V4_replicacion=1;V5_dsr=1;
2017-02-19,2017-05-19,2017-05-20,2017-05-26,PEQUEÑO,Trader expuesto a bolsa (sin cobertura),3,3,"Comercializador regulado,Trader expuesto a bolsa (sin cobertura)",0.001,1.26,0.913,100.0,100.0,0,125.59,0,,False,True,0,E1_gana_segmento=1;E2_sin_kill_switch=1;E3_ev_historico=1;E4_capacidad=1;V1_bootstrap=1;V2_n_efectivo=1;V3_holdout=1;V4_replicacion=1;V5_dsr=0;
2021-04-29,2021-07-27,2021-07-28,2021-08-03,PEQUEÑO,Trader expuesto a bolsa (sin cobertura),4,4,Trader expuesto a bolsa (sin cobertura),0.001,1.005,0.917,100.0,100.0,0,64.86,0,,False,True,0,E1_gana_segmento=1;E2_sin_kill_switch=1;E3_ev_historico=1;E4_capacidad=1;V1_bootstrap=1;V2_n_efectivo=1;V3_holdout=1;V4_replicacion=1;V5_dsr=0;
2022-04-24,2022-07-22,2022-07-23,2022-07-29,PEQUEÑO,Trader expuesto a bolsa (sin cobertura),4,4,Trader expuesto a bolsa (sin cobertura),0.001,0.972,0.92,100.0,100.0,0,11.46,0,,False,True,0,E1_gana_segmento=1;E2_sin_kill_switch=1;E3_ev_historico=1;E4_capacidad=1;V1_bootstrap=1;V2_n_efectivo=1;V3_holdout=1;V4_replicacion=1;V5_dsr=0;
2025-12-04,2026-03-03,2026-03-04,2026-03-10,PEQUEÑO,Trader expuesto a bolsa (sin cobertura),4,4,"Comercializador regulado,Trader expuesto a bolsa (sin cobertura)",0.001,2.084,0.837,100.0,100.0,0,77.25,0,,False,True,0,E1_gana_segmento=1;E2_sin_kill_switch=1;E3_ev_historico=1;E4_capacidad=1;V1_bootstrap=1;V2_n_efectivo=1;V3_holdout=1;V4_replicacion=1;V5_dsr=0;
2017-09-17,2017-12-15,2017-12-16,2017-12-22,MEDIANO,Trader no regulado,2,2,"Trader no regulado,Trader no regulado",0.001,1.137,1.0,,100.0,0,87.94,0,,False,True,0,E1_gana_segmento=1;E2_sin_kill_switch=1;E3_ev_historico=1;E4_capacidad=1;V1_bootstrap=1;V2_n_efectivo=0;V3_holdout=1;V4_replicacion=1;V5_dsr=1;
2015-01-31,2015-04-30,2015-05-01,2015-05-07,MEDIANO,Trader no regulado,2,2,"Comercializador regulado,Comercializador regulado",0.001,1.001,1.0,,100.0,0,84.79,0,,False,True,0,E1_gana_segmento=1;E2_sin_kill_switch=1;E3_ev_historico=1;E4_capacidad=1;V1_bootstrap=1;V2_n_efectivo=0;V3_holdout=1;V4_replicacion=1;V5_dsr=1;
2015-01-01,2015-03-31,2015-04-01,2015-04-07,MEDIANO,Trader no regulado,2,2,"Comercializador regulado,Comercializador regulado",0.001,0.978,1.0,,100.0,0,83.95,0,,False,True,0,E1_gana_segmento=1;E2_sin_kill_switch=1;E3_ev_historico=1;E4_capacidad=1;V1_bootstrap=1;V2_n_efectivo=0;V3_holdout=1;V4_replicacion=1;V5_dsr=1;
2017-04-20,2017-07-18,2017-07-19,2017-07-25,MEDIANO,Trader no regulado,2,2,Trader no regulado,0.002,0.983,0.999,,100.0,0,87.39,0,,False,True,0,E1_gana_segmento=1;E2_sin_kill_switch=1;E3_ev_historico=1;E4_capacidad=1;V1_bootstrap=1;V2_n_efectivo=0;V3_holdout=1;V4_replicacion=1;V5_dsr=1;
